NR_PARTIDO,NM_PARTIDO,SG_UF,TOTAL_VOTOS
-1,#NULO#,AC,15935
-1,#NULO#,AL,132167
-1,#NULO#,AM,138530
-1,#NULO#,AP,12119
-1,#NULO#,BA,920537
-1,#NULO#,CE,524840
-1,#NULO#,DF,136051
-1,#NULO#,ES,212887
-1,#NULO#,GO,362291
-1,#NULO#,MA,214728
-1,#NULO#,MG,1555858
-1,#NULO#,MS,128274
-1,#NULO#,MT,141989
-1,#NULO#,PA,230868
-1,#NULO#,PB,302989
-1,#NULO#,PE,717604
-1,#NULO#,PI,142486
-1,#NULO#,PR,729744
-1,#NULO#,RJ,1247110
-1,#NULO#,RN,203566
-1,#NULO#,RO,53860
-1,#NULO#,RR,7904
-1,#NULO#,RS,705873
-1,#NULO#,SC,440518
-1,#NULO#,SE,145452
-1,#NULO#,SP,3842367
-1,#NULO#,TO,51026
10,REPUBLICANOS,AC,44461
10,REPUBLICANOS,AL,137831
10,REPUBLICANOS,AM,161720
10,REPUBLICANOS,AP,14900
10,REPUBLICANOS,BA,401163
10,REPUBLICANOS,CE,193522
10,REPUBLICANOS,DF,95236
10,REPUBLICANOS,ES,258409
10,REPUBLICANOS,GO,158688
10,REPUBLICANOS,MA,92271
10,REPUBLICANOS,MG,477954
10,REPUBLICANOS,MS,69264
10,REPUBLICANOS,MT,147069
10,REPUBLICANOS,PA,229019
10,REPUBLICANOS,PB,426880
10,REPUBLICANOS,PE,246582
10,REPUBLICANOS,PI,113433
10,REPUBLICANOS,PR,349895
10,REPUBLICANOS,RJ,325500
10,REPUBLICANOS,RN,19250
10,REPUBLICANOS,RO,73369
10,REPUBLICANOS,RR,40909
10,REPUBLICANOS,RS,546106
10,REPUBLICANOS,SC,178805
10,REPUBLICANOS,SE,153040
10,REPUBLICANOS,SP,1767721
10,REPUBLICANOS,TO,205631
11,PROGRESSISTAS,AC,45847
11,PROGRESSISTAS,AL,242341
11,PROGRESSISTAS,AP,25375
11,PROGRESSISTAS,BA,718906
11,PROGRESSISTAS,CE,295195
11,PROGRESSISTAS,DF,107404
11,PROGRESSISTAS,ES,137825
11,PROGRESSISTAS,GO,209700
11,PROGRESSISTAS,MA,341913
11,PROGRESSISTAS,MG,833221
11,PROGRESSISTAS,MS,116417
11,PROGRESSISTAS,MT,101864
11,PROGRESSISTAS,PA,296859
11,PROGRESSISTAS,PB,233790
11,PROGRESSISTAS,PE,738630
11,PROGRESSISTAS,PI,406990
11,PROGRESSISTAS,PR,484051
11,PROGRESSISTAS,RJ,417765
11,PROGRESSISTAS,RO,40830
11,PROGRESSISTAS,RR,28187
11,PROGRESSISTAS,RS,693464
11,PROGRESSISTAS,SC,280630
11,PROGRESSISTAS,SE,108616
11,PROGRESSISTAS,SP,811602
12,Partido Democrático Trabalhista,AC,57680
12,Partido Democrático Trabalhista,AL,7053
12,Partido Democrático Trabalhista,AM,20479
12,Partido Democrático Trabalhista,AP,50424
12,Partido Democrático Trabalhista,BA,222928
12,Partido Democrático Trabalhista,CE,1239514
12,Partido Democrático Trabalhista,DF,17625
12,Partido Democrático Trabalhista,ES,109905
12,Partido Democrático Trabalhista,GO,104995
12,Partido Democrático Trabalhista,MA,333450
12,Partido Democrático Trabalhista,MG,313921
12,Partido Democrático Trabalhista,MS,72125
12,Partido Democrático Trabalhista,MT,4876
12,Partido Democrático Trabalhista,PA,220572
12,Partido Democrático Trabalhista,PB,7428
12,Partido Democrático Trabalhista,PE,73659
12,Partido Democrático Trabalhista,PI,12522
12,Partido Democrático Trabalhista,PR,131124
12,Partido Democrático Trabalhista,RJ,259743
12,Partido Democrático Trabalhista,RN,27112
12,Partido Democrático Trabalhista,RO,10199
12,Partido Democrático Trabalhista,RR,1307
12,Partido Democrático Trabalhista,RS,472663
12,Partido Democrático Trabalhista,SC,82155
12,Partido Democrático Trabalhista,SE,52642
12,Partido Democrático Trabalhista,SP,384377
12,Partido Democrático Trabalhista,TO,29962
13,Partido dos Trabalhadores,AC,18355
13,Partido dos Trabalhadores,AL,72248
13,Partido dos Trabalhadores,AM,74696
13,Partido dos Trabalhadores,AP,8771
13,Partido dos Trabalhadores,BA,1220404
13,Partido dos Trabalhadores,CE,807069
13,Partido dos Trabalhadores,DF,138676
13,Partido dos Trabalhadores,ES,146606
13,Partido dos Trabalhadores,GO,228469
13,Partido dos Trabalhadores,MA,128413
13,Partido dos Trabalhadores,MG,1549610
13,Partido dos Trabalhadores,MS,153613
13,Partido dos Trabalhadores,MT,144969
13,Partido dos Trabalhadores,PA,359653
13,Partido dos Trabalhadores,PB,130449
13,Partido dos Trabalhadores,PE,446662
13,Partido dos Trabalhadores,PI,689349
13,Partido dos Trabalhadores,PR,694555
13,Partido dos Trabalhadores,RJ,753499
13,Partido dos Trabalhadores,RN,223460
13,Partido dos Trabalhadores,RO,36754
13,Partido dos Trabalhadores,RR,5251
13,Partido dos Trabalhadores,RS,1102508
13,Partido dos Trabalhadores,SC,441063
13,Partido dos Trabalhadores,SE,82863
13,Partido dos Trabalhadores,SP,3720559
13,Partido dos Trabalhadores,TO,41384
14,Partido Trabalhista Brasileiro,AL,2770
14,Partido Trabalhista Brasileiro,AM,3717
14,Partido Trabalhista Brasileiro,AP,15052
14,Partido Trabalhista Brasileiro,BA,52110
14,Partido Trabalhista Brasileiro,CE,15199
14,Partido Trabalhista Brasileiro,DF,19570
14,Partido Trabalhista Brasileiro,ES,101142
14,Partido Trabalhista Brasileiro,GO,56586
14,Partido Trabalhista Brasileiro,MA,28868
14,Partido Trabalhista Brasileiro,MG,79904
14,Partido Trabalhista Brasileiro,MS,15487
14,Partido Trabalhista Brasileiro,MT,62728
14,Partido Trabalhista Brasileiro,PA,143642
14,Partido Trabalhista Brasileiro,PB,9160
14,Partido Trabalhista Brasileiro,PE,6570
14,Partido Trabalhista Brasileiro,PR,73368
14,Partido Trabalhista Brasileiro,RJ,195485
14,Partido Trabalhista Brasileiro,RN,8355
14,Partido Trabalhista Brasileiro,RO,46846
14,Partido Trabalhista Brasileiro,RR,679
14,Partido Trabalhista Brasileiro,RS,106233
14,Partido Trabalhista Brasileiro,SC,97739
14,Partido Trabalhista Brasileiro,SE,1799
14,Partido Trabalhista Brasileiro,SP,228999
14,Partido Trabalhista Brasileiro,TO,20705
15,Movimento Democrático Brasileiro,AC,39617
15,Movimento Democrático Brasileiro,AL,772570
15,Movimento Democrático Brasileiro,AM,111951
15,Movimento Democrático Brasileiro,AP,31803
15,Movimento Democrático Brasileiro,BA,247672
15,Movimento Democrático Brasileiro,CE,371640
15,Movimento Democrático Brasileiro,DF,155718
15,Movimento Democrático Brasileiro,ES,31279
15,Movimento Democrático Brasileiro,GO,439749
15,Movimento Democrático Brasileiro,MA,203265
15,Movimento Democrático Brasileiro,MG,315679
15,Movimento Democrático Brasileiro,MS,143237
15,Movimento Democrático Brasileiro,MT,217896
15,Movimento Democrático Brasileiro,PA,1253590
15,Movimento Democrático Brasileiro,PB,108209
15,Movimento Democrático Brasileiro,PI,577108
15,Movimento Democrático Brasileiro,PR,251611
15,Movimento Democrático Brasileiro,RJ,295872
15,Movimento Democrático Brasileiro,RN,91113
15,Movimento Democrático Brasileiro,RO,61563
15,Movimento Democrático Brasileiro,RR,25434
15,Movimento Democrático Brasileiro,RS,629593
15,Movimento Democrático Brasileiro,SC,506374
15,Movimento Democrático Brasileiro,SE,2783
15,Movimento Democrático Brasileiro,SP,976480
15,Movimento Democrático Brasileiro,TO,21745
16,Partido Socialista dos Trabalhadores Unificado,AL,379
16,Partido Socialista dos Trabalhadores Unificado,CE,868
16,Partido Socialista dos Trabalhadores Unificado,DF,342
16,Partido Socialista dos Trabalhadores Unificado,MA,3476
16,Partido Socialista dos Trabalhadores Unificado,MG,5815
16,Partido Socialista dos Trabalhadores Unificado,PA,1564
16,Partido Socialista dos Trabalhadores Unificado,PE,1688
16,Partido Socialista dos Trabalhadores Unificado,PI,715
16,Partido Socialista dos Trabalhadores Unificado,PR,1010
16,Partido Socialista dos Trabalhadores Unificado,RJ,3899
16,Partido Socialista dos Trabalhadores Unificado,RN,761
16,Partido Socialista dos Trabalhadores Unificado,RS,1883
16,Partido Socialista dos Trabalhadores Unificado,SC,1083
16,Partido Socialista dos Trabalhadores Unificado,SE,227
16,Partido Socialista dos Trabalhadores Unificado,SP,10631
18,Rede Sustentabilidade,AC,152
18,Rede Sustentabilidade,AL,271
18,Rede Sustentabilidade,AM,1009
18,Rede Sustentabilidade,AP,22775
18,Rede Sustentabilidade,BA,6450
18,Rede Sustentabilidade,CE,806
18,Rede Sustentabilidade,DF,3988
18,Rede Sustentabilidade,ES,52562
18,Rede Sustentabilidade,GO,669
18,Rede Sustentabilidade,MA,1400
18,Rede Sustentabilidade,MG,292067
18,Rede Sustentabilidade,MS,5971
18,Rede Sustentabilidade,MT,200
18,Rede Sustentabilidade,PA,8206
18,Rede Sustentabilidade,PB,65681
18,Rede Sustentabilidade,PE,48475
18,Rede Sustentabilidade,PI,712
18,Rede Sustentabilidade,PR,16468
18,Rede Sustentabilidade,RJ,14045
18,Rede Sustentabilidade,RN,767
18,Rede Sustentabilidade,RO,1292
18,Rede Sustentabilidade,RR,3150
18,Rede Sustentabilidade,RS,2763
18,Rede Sustentabilidade,SC,1501
18,Rede Sustentabilidade,SE,410
18,Rede Sustentabilidade,SP,138767
18,Rede Sustentabilidade,TO,153
19,Podemos,AC,27462
19,Podemos,AP,25401
19,Podemos,CE,4214
19,Podemos,DF,29647
19,Podemos,ES,140112
19,Podemos,GO,58426
19,Podemos,MA,178577
19,Podemos,MG,192444
19,Podemos,MS,68769
19,Podemos,MT,60873
19,Podemos,PA,264329
19,Podemos,PR,201720
19,Podemos,RJ,307758
19,Podemos,RO,42534
19,Podemos,RR,21588
19,Podemos,RS,196671
19,Podemos,SC,237137
19,Podemos,SE,20078
19,Podemos,SP,1030595
20,Partido Social Cristão,AM,199005
20,Partido Social Cristão,AP,10615
20,Partido Social Cristão,BA,195628
20,Partido Social Cristão,DF,38387
20,Partido Social Cristão,ES,75985
20,Partido Social Cristão,GO,113258
20,Partido Social Cristão,MA,144517
20,Partido Social Cristão,MG,433134
20,Partido Social Cristão,PA,267638
20,Partido Social Cristão,PR,15596
20,Partido Social Cristão,RJ,141792
20,Partido Social Cristão,RO,52702
20,Partido Social Cristão,RR,14549
20,Partido Social Cristão,RS,92323
20,Partido Social Cristão,SC,30042
20,Partido Social Cristão,SP,613808
20,Partido Social Cristão,TO,31891
21,Partido Comunista Brasileiro,GO,2008
21,Partido Comunista Brasileiro,MG,9675
21,Partido Comunista Brasileiro,PE,5905
21,Partido Comunista Brasileiro,RJ,7857
21,Partido Comunista Brasileiro,RS,3833
21,Partido Comunista Brasileiro,SP,20403
22,Partido Liberal,AC,44426
22,Partido Liberal,AL,63497
22,Partido Liberal,AM,183186
22,Partido Liberal,AP,30428
22,Partido Liberal,BA,469296
22,Partido Liberal,CE,495740
22,Partido Liberal,DF,221654
22,Partido Liberal,ES,266395
22,Partido Liberal,GO,241412
22,Partido Liberal,MA,386704
22,Partido Liberal,MG,1306781
22,Partido Liberal,MS,132945
22,Partido Liberal,MT,164022
22,Partido Liberal,PA,288833
22,Partido Liberal,PB,194446
22,Partido Liberal,PE,456482
22,Partido Liberal,PI,36235
22,Partido Liberal,PR,508941
22,Partido Liberal,RJ,1835283
22,Partido Liberal,RN,242973
22,Partido Liberal,RO,76105
22,Partido Liberal,RR,15085
22,Partido Liberal,RS,522187
22,Partido Liberal,SC,882396
22,Partido Liberal,SE,147920
22,Partido Liberal,SP,4144519
22,Partido Liberal,TO,116017
23,Cidadania,AC,1063
23,Cidadania,AL,512
23,Cidadania,AM,41145
23,Cidadania,AP,10093
23,Cidadania,BA,35956
23,Cidadania,CE,113060
23,Cidadania,DF,43132
23,Cidadania,ES,32895
23,Cidadania,GO,4878
23,Cidadania,MA,8203
23,Cidadania,MG,253678
23,Cidadania,MS,5494
23,Cidadania,MT,40388
23,Cidadania,PA,53729
23,Cidadania,PB,643
23,Cidadania,PE,62103
23,Cidadania,PR,124626
23,Cidadania,RJ,62871
23,Cidadania,RN,654
23,Cidadania,RO,184
23,Cidadania,RR,11594
23,Cidadania,RS,99654
23,Cidadania,SC,25109
23,Cidadania,SE,89527
23,Cidadania,SP,554659
23,Cidadania,TO,33356
27,Democracia Cristã,AC,563
27,Democracia Cristã,AL,140
27,Democracia Cristã,AM,25129
27,Democracia Cristã,BA,5073
27,Democracia Cristã,DF,3368
27,Democracia Cristã,ES,31023
27,Democracia Cristã,GO,80427
27,Democracia Cristã,MA,3175
27,Democracia Cristã,MG,211927
27,Democracia Cristã,MS,278
27,Democracia Cristã,MT,2740
27,Democracia Cristã,PA,908
27,Democracia Cristã,PB,6544
27,Democracia Cristã,PE,2604
27,Democracia Cristã,PR,15480
27,Democracia Cristã,RJ,104019
27,Democracia Cristã,RS,617
27,Democracia Cristã,SC,31216
27,Democracia Cristã,SE,1978
27,Democracia Cristã,SP,7752
27,Democracia Cristã,TO,342
28,Partido Renovador Trabalhista Brasileiro,AP,7854
28,Partido Renovador Trabalhista Brasileiro,BA,7264
28,Partido Renovador Trabalhista Brasileiro,DF,14827
28,Partido Renovador Trabalhista Brasileiro,ES,1946
28,Partido Renovador Trabalhista Brasileiro,GO,282737
28,Partido Renovador Trabalhista Brasileiro,MA,25478
28,Partido Renovador Trabalhista Brasileiro,MG,29367
28,Partido Renovador Trabalhista Brasileiro,MS,62577
28,Partido Renovador Trabalhista Brasileiro,PA,44935
28,Partido Renovador Trabalhista Brasileiro,PB,16405
28,Partido Renovador Trabalhista Brasileiro,PE,11816
28,Partido Renovador Trabalhista Brasileiro,PR,6832
28,Partido Renovador Trabalhista Brasileiro,RJ,87618
28,Partido Renovador Trabalhista Brasileiro,RN,1149
28,Partido Renovador Trabalhista Brasileiro,RR,20864
28,Partido Renovador Trabalhista Brasileiro,RS,2439
28,Partido Renovador Trabalhista Brasileiro,SC,3139
28,Partido Renovador Trabalhista Brasileiro,SP,193416
28,Partido Renovador Trabalhista Brasileiro,TO,1471
29,Partido da Causa Operária,DF,319
29,Partido da Causa Operária,GO,276
29,Partido da Causa Operária,MA,177
29,Partido da Causa Operária,MG,789
29,Partido da Causa Operária,PE,307
29,Partido da Causa Operária,PI,153
29,Partido da Causa Operária,PR,420
29,Partido da Causa Operária,RJ,951
29,Partido da Causa Operária,RS,238
29,Partido da Causa Operária,SC,286
29,Partido da Causa Operária,SP,3814
30,Partido Novo,BA,9783
30,Partido Novo,CE,5650
30,Partido Novo,DF,18995
30,Partido Novo,GO,17031
30,Partido Novo,MG,377651
30,Partido Novo,PI,19276
30,Partido Novo,PR,74996
30,Partido Novo,RJ,88249
30,Partido Novo,RS,147221
30,Partido Novo,SC,136632
30,Partido Novo,SP,428345
33,Partido da Mobilização Nacional,AC,277
33,Partido da Mobilização Nacional,AM,58242
33,Partido da Mobilização Nacional,BA,12717
33,Partido da Mobilização Nacional,CE,140880
33,Partido da Mobilização Nacional,DF,75661
33,Partido da Mobilização Nacional,GO,31737
33,Partido da Mobilização Nacional,MG,369593
33,Partido da Mobilização Nacional,PE,2436
33,Partido da Mobilização Nacional,PR,4493
33,Partido da Mobilização Nacional,RJ,121473
33,Partido da Mobilização Nacional,RN,3502
33,Partido da Mobilização Nacional,RO,19867
33,Partido da Mobilização Nacional,RR,5831
33,Partido da Mobilização Nacional,SE,23694
33,Partido da Mobilização Nacional,SP,25894
35,Partido da Mulher Brasileira,AL,484
35,Partido da Mulher Brasileira,AM,84264
35,Partido da Mulher Brasileira,BA,7648
35,Partido da Mulher Brasileira,DF,6437
35,Partido da Mulher Brasileira,ES,9674
35,Partido da Mulher Brasileira,GO,71099
35,Partido da Mulher Brasileira,MA,5516
35,Partido da Mulher Brasileira,MG,37979
35,Partido da Mulher Brasileira,PA,4888
35,Partido da Mulher Brasileira,PB,9172
35,Partido da Mulher Brasileira,PE,4465
35,Partido da Mulher Brasileira,PR,49852
35,Partido da Mulher Brasileira,RJ,46276
35,Partido da Mulher Brasileira,RN,26971
35,Partido da Mulher Brasileira,RO,7877
35,Partido da Mulher Brasileira,RR,24641
35,Partido da Mulher Brasileira,SP,61595
35,Partido da Mulher Brasileira,TO,1753
36,AGIR,AC,628
36,AGIR,AM,2688
36,AGIR,AP,19
36,AGIR,BA,6528
36,AGIR,CE,18635
36,AGIR,DF,110499
36,AGIR,ES,13358
36,AGIR,GO,150998
36,AGIR,MA,30132
36,AGIR,MS,1555
36,AGIR,MT,7092
36,AGIR,PA,1921
36,AGIR,PB,4437
36,AGIR,PE,7991
36,AGIR,PI,1559
36,AGIR,PR,28311
36,AGIR,RJ,145791
36,AGIR,RO,2080
36,AGIR,RS,1697
36,AGIR,SP,59970
40,Partido Socialista Brasileiro,AC,19038
40,Partido Socialista Brasileiro,AL,16433
40,Partido Socialista Brasileiro,AM,63888
40,Partido Socialista Brasileiro,AP,5917
40,Partido Socialista Brasileiro,BA,311502
40,Partido Socialista Brasileiro,CE,14867
40,Partido Socialista Brasileiro,DF,74974
40,Partido Socialista Brasileiro,ES,164155
40,Partido Socialista Brasileiro,GO,96035
40,Partido Socialista Brasileiro,MA,862124
40,Partido Socialista Brasileiro,MG,237429
40,Partido Socialista Brasileiro,MS,44882
40,Partido Socialista Brasileiro,MT,245099
40,Partido Socialista Brasileiro,PA,139691
40,Partido Socialista Brasileiro,PB,331576
40,Partido Socialista Brasileiro,PE,1238061
40,Partido Socialista Brasileiro,PR,115297
40,Partido Socialista Brasileiro,RJ,221959
40,Partido Socialista Brasileiro,RN,32847
40,Partido Socialista Brasileiro,RO,48571
40,Partido Socialista Brasileiro,RR,2299
40,Partido Socialista Brasileiro,RS,161560
40,Partido Socialista Brasileiro,SC,92851
40,Partido Socialista Brasileiro,SE,34801
40,Partido Socialista Brasileiro,SP,892129
40,Partido Socialista Brasileiro,TO,40946
43,Partido Verde,AC,269
43,Partido Verde,AL,33919
43,Partido Verde,AM,66968
43,Partido Verde,AP,14643
43,Partido Verde,BA,335364
43,Partido Verde,CE,37069
43,Partido Verde,DF,24025
43,Partido Verde,ES,13822
43,Partido Verde,GO,1941
43,Partido Verde,MA,49872
43,Partido Verde,MG,407441
43,Partido Verde,MS,3135
43,Partido Verde,MT,8989
43,Partido Verde,PA,2971
43,Partido Verde,PB,638
43,Partido Verde,PE,163373
43,Partido Verde,PI,19498
43,Partido Verde,PR,72773
43,Partido Verde,RJ,44152
43,Partido Verde,RN,146669
43,Partido Verde,RO,1148
43,Partido Verde,RR,2101
43,Partido Verde,RS,8590
43,Partido Verde,SC,590
43,Partido Verde,SE,46940
43,Partido Verde,SP,72434
43,Partido Verde,TO,13653
44,UNIÃO BRASIL,AC,36472
44,UNIÃO BRASIL,AL,201905
44,UNIÃO BRASIL,AM,397540
44,UNIÃO BRASIL,AP,47339
44,UNIÃO BRASIL,BA,1152249
44,UNIÃO BRASIL,CE,439161
44,UNIÃO BRASIL,DF,97097
44,UNIÃO BRASIL,ES,147527
44,UNIÃO BRASIL,GO,430413
44,UNIÃO BRASIL,MA,72612
44,UNIÃO BRASIL,MG,451784
44,UNIÃO BRASIL,MS,83208
44,UNIÃO BRASIL,MT,257949
44,UNIÃO BRASIL,PA,188786
44,UNIÃO BRASIL,PB,203954
44,UNIÃO BRASIL,PE,484166
44,UNIÃO BRASIL,PR,740859
44,UNIÃO BRASIL,RJ,921465
44,UNIÃO BRASIL,RN,177334
44,UNIÃO BRASIL,RO,131338
44,UNIÃO BRASIL,RR,26943
44,UNIÃO BRASIL,RS,306728
44,UNIÃO BRASIL,SC,267018
44,UNIÃO BRASIL,SE,159614
44,UNIÃO BRASIL,SP,1693709
44,UNIÃO BRASIL,TO,66857
45,Partido da Social Democracia Brasileira,AC,17828
45,Partido da Social Democracia Brasileira,AL,4340
45,Partido da Social Democracia Brasileira,AM,35806
45,Partido da Social Democracia Brasileira,AP,14639
45,Partido da Social Democracia Brasileira,BA,373344
45,Partido da Social Democracia Brasileira,CE,159175
45,Partido da Social Democracia Brasileira,DF,25728
45,Partido da Social Democracia Brasileira,ES,113730
45,Partido da Social Democracia Brasileira,GO,138693
45,Partido da Social Democracia Brasileira,MA,57346
45,Partido da Social Democracia Brasileira,MG,300185
45,Partido da Social Democracia Brasileira,MS,287542
45,Partido da Social Democracia Brasileira,MT,102582
45,Partido da Social Democracia Brasileira,PA,356054
45,Partido da Social Democracia Brasileira,PB,210120
45,Partido da Social Democracia Brasileira,PE,227888
45,Partido da Social Democracia Brasileira,PR,197489
45,Partido da Social Democracia Brasileira,RJ,50602
45,Partido da Social Democracia Brasileira,RN,587468
45,Partido da Social Democracia Brasileira,RO,24967
45,Partido da Social Democracia Brasileira,RR,447
45,Partido da Social Democracia Brasileira,RS,443978
45,Partido da Social Democracia Brasileira,SC,211313
45,Partido da Social Democracia Brasileira,SE,3275
45,Partido da Social Democracia Brasileira,SP,1997660
45,Partido da Social Democracia Brasileira,TO,26247
50,Partido Socialismo e Liberdade,AC,2229
50,Partido Socialismo e Liberdade,AL,1683
50,Partido Socialismo e Liberdade,AM,3998
50,Partido Socialismo e Liberdade,AP,6122
50,Partido Socialismo e Liberdade,BA,151010
50,Partido Socialismo e Liberdade,CE,158940
50,Partido Socialismo e Liberdade,DF,114051
50,Partido Socialismo e Liberdade,ES,56100
50,Partido Socialismo e Liberdade,GO,7461
50,Partido Socialismo e Liberdade,MA,7917
50,Partido Socialismo e Liberdade,MG,136262
50,Partido Socialismo e Liberdade,MS,7492
50,Partido Socialismo e Liberdade,MT,2044
50,Partido Socialismo e Liberdade,PA,100863
50,Partido Socialismo e Liberdade,PB,8783
50,Partido Socialismo e Liberdade,PE,86445
50,Partido Socialismo e Liberdade,PI,5934
50,Partido Socialismo e Liberdade,PR,23079
50,Partido Socialismo e Liberdade,RJ,514436
50,Partido Socialismo e Liberdade,RN,6614
50,Partido Socialismo e Liberdade,RO,695
50,Partido Socialismo e Liberdade,RR,636
50,Partido Socialismo e Liberdade,RS,286076
50,Partido Socialismo e Liberdade,SC,83044
50,Partido Socialismo e Liberdade,SE,59733
50,Partido Socialismo e Liberdade,SP,1359595
50,Partido Socialismo e Liberdade,TO,798
51,Patriota,AC,12724
51,Patriota,AM,111036
51,Patriota,BA,112674
51,Patriota,DF,41614
51,Patriota,ES,82140
51,Patriota,GO,134399
51,Patriota,MA,232583
51,Patriota,MG,371780
51,Patriota,MS,51532
51,Patriota,MT,29075
51,Patriota,PA,1350
51,Patriota,PE,165239
51,Patriota,PI,7213
51,Patriota,PR,13974
51,Patriota,RJ,160713
51,Patriota,RN,4293
51,Patriota,RO,79687
51,Patriota,RR,601
51,Patriota,RS,20781
51,Patriota,SC,88159
51,Patriota,SE,19199
51,Patriota,SP,237879
51,Patriota,TO,5645
55,Partido Social Democrático,AC,35491
55,Partido Social Democrático,AL,37794
55,Partido Social Democrático,AP,27467
55,Partido Social Democrático,BA,1111783
55,Partido Social Democrático,CE,330399
55,Partido Social Democrático,DF,97286
55,Partido Social Democrático,ES,48628
55,Partido Social Democrático,GO,136779
55,Partido Social Democrático,MA,207320
55,Partido Social Democrático,MG,1144093
55,Partido Social Democrático,MS,81146
55,Partido Social Democrático,MT,143946
55,Partido Social Democrático,PA,239646
55,Partido Social Democrático,PB,103001
55,Partido Social Democrático,PE,32050
55,Partido Social Democrático,PR,1549527
55,Partido Social Democrático,RJ,656253
55,Partido Social Democrático,RN,48179
55,Partido Social Democrático,RO,81246
55,Partido Social Democrático,RR,12246
55,Partido Social Democrático,RS,181074
55,Partido Social Democrático,SC,293675
55,Partido Social Democrático,SE,202210
55,Partido Social Democrático,SP,946923
55,Partido Social Democrático,TO,114755
65,Partido Comunista do Brasil,AC,6447
65,Partido Comunista do Brasil,AL,6396
65,Partido Comunista do Brasil,AM,21753
65,Partido Comunista do Brasil,AP,10144
65,Partido Comunista do Brasil,BA,372907
65,Partido Comunista do Brasil,CE,106435
65,Partido Comunista do Brasil,DF,3918
65,Partido Comunista do Brasil,ES,11657
65,Partido Comunista do Brasil,GO,20973
65,Partido Comunista do Brasil,MA,244045
65,Partido Comunista do Brasil,MG,115403
65,Partido Comunista do Brasil,MS,1443
65,Partido Comunista do Brasil,MT,2622
65,Partido Comunista do Brasil,PA,22872
65,Partido Comunista do Brasil,PB,48099
65,Partido Comunista do Brasil,PE,88569
65,Partido Comunista do Brasil,PI,21394
65,Partido Comunista do Brasil,PR,6316
65,Partido Comunista do Brasil,RJ,112005
65,Partido Comunista do Brasil,RN,17462
65,Partido Comunista do Brasil,RO,478
65,Partido Comunista do Brasil,RR,89
65,Partido Comunista do Brasil,RS,76327
65,Partido Comunista do Brasil,SC,17985
65,Partido Comunista do Brasil,SE,3570
65,Partido Comunista do Brasil,SP,229860
65,Partido Comunista do Brasil,TO,28760
70,AVANTE,AL,65257
70,AVANTE,AM,253980
70,AVANTE,AP,7186
70,AVANTE,BA,121860
70,AVANTE,CE,141869
70,AVANTE,DF,60071
70,AVANTE,GO,140751
70,AVANTE,MG,449306
70,AVANTE,MS,2988
70,AVANTE,PA,48399
70,AVANTE,PE,24706
70,AVANTE,RJ,111460
70,AVANTE,RN,48862
70,AVANTE,RO,25732
70,AVANTE,RS,41135
70,AVANTE,SC,8610
70,AVANTE,SP,202693
77,Solidariedade,AC,11933
77,Solidariedade,AL,1348
77,Solidariedade,AM,34140
77,Solidariedade,AP,28638
77,Solidariedade,BA,274173
77,Solidariedade,DF,4289
77,Solidariedade,ES,44589
77,Solidariedade,GO,81628
77,Solidariedade,MG,154615
77,Solidariedade,MS,11639
77,Solidariedade,PA,5313
77,Solidariedade,PB,129252
77,Solidariedade,PE,384664
77,Solidariedade,PI,59429
77,Solidariedade,PR,116479
77,Solidariedade,RJ,377113
77,Solidariedade,RN,165757
77,Solidariedade,RO,5839
77,Solidariedade,RR,9844
77,Solidariedade,RS,29126
77,Solidariedade,SC,31259
77,Solidariedade,SP,345811
77,Solidariedade,TO,36483
80,Unidade Popular,AL,1453
80,Unidade Popular,BA,2844
80,Unidade Popular,CE,1662
80,Unidade Popular,DF,1190
80,Unidade Popular,GO,1982
80,Unidade Popular,MG,9228
80,Unidade Popular,PA,2579
80,Unidade Popular,PE,2048
80,Unidade Popular,RJ,15544
80,Unidade Popular,RN,1604
80,Unidade Popular,SE,496
80,Unidade Popular,SP,39545
90,Partido Republicano da Ordem Social,AC,16541
90,Partido Republicano da Ordem Social,AM,16005
90,Partido Republicano da Ordem Social,AP,14377
90,Partido Republicano da Ordem Social,BA,6685
90,Partido Republicano da Ordem Social,CE,7041
90,Partido Republicano da Ordem Social,DF,25705
90,Partido Republicano da Ordem Social,ES,7278
90,Partido Republicano da Ordem Social,GO,702
90,Partido Republicano da Ordem Social,MA,54130
90,Partido Republicano da Ordem Social,MG,219118
90,Partido Republicano da Ordem Social,MS,1641
90,Partido Republicano da Ordem Social,PA,5594
90,Partido Republicano da Ordem Social,PB,220
90,Partido Republicano da Ordem Social,PE,1101
90,Partido Republicano da Ordem Social,PR,216803
90,Partido Republicano da Ordem Social,RJ,245100
90,Partido Republicano da Ordem Social,RR,22140
90,Partido Republicano da Ordem Social,SC,1290
90,Partido Republicano da Ordem Social,SE,1737
90,Partido Republicano da Ordem Social,SP,103336
