NR_VOTAVEL,NM_VOTAVEL,NR_PARTIDO,NM_PARTIDO,SG_UF,TOTAL_VOTOS
95,Branco,-1,#NULO#,AC,16867
95,Branco,-1,#NULO#,AL,115519
95,Branco,-1,#NULO#,AM,90811
95,Branco,-1,#NULO#,AP,10978
95,Branco,-1,#NULO#,BA,533156
95,Branco,-1,#NULO#,CE,313270
95,Branco,-1,#NULO#,DF,119075
95,Branco,-1,#NULO#,ES,180346
95,Branco,-1,#NULO#,GO,310369
95,Branco,-1,#NULO#,MA,201383
95,Branco,-1,#NULO#,MG,1044998
95,Branco,-1,#NULO#,MS,91077
95,Branco,-1,#NULO#,MT,134009
95,Branco,-1,#NULO#,PA,252828
95,Branco,-1,#NULO#,PB,235063
95,Branco,-1,#NULO#,PE,557609
95,Branco,-1,#NULO#,PI,88433
95,Branco,-1,#NULO#,PR,478670
95,Branco,-1,#NULO#,RJ,752864
95,Branco,-1,#NULO#,RN,154485
95,Branco,-1,#NULO#,RO,49421
95,Branco,-1,#NULO#,RR,10203
95,Branco,-1,#NULO#,RS,527127
95,Branco,-1,#NULO#,SC,380138
95,Branco,-1,#NULO#,SE,107308
95,Branco,-1,#NULO#,SP,2548612
95,Branco,-1,#NULO#,TO,35690
96,Nulo,-1,#NULO#,AC,26622
96,Nulo,-1,#NULO#,AL,174572
96,Nulo,-1,#NULO#,AM,127294
96,Nulo,-1,#NULO#,AP,21613
96,Nulo,-1,#NULO#,BA,1098493
96,Nulo,-1,#NULO#,CE,451233
96,Nulo,-1,#NULO#,DF,99697
96,Nulo,-1,#NULO#,ES,173933
96,Nulo,-1,#NULO#,GO,332630
96,Nulo,-1,#NULO#,MA,310469
96,Nulo,-1,#NULO#,MG,1304104
96,Nulo,-1,#NULO#,MS,98932
96,Nulo,-1,#NULO#,MT,145755
96,Nulo,-1,#NULO#,PA,345083
96,Nulo,-1,#NULO#,PB,313018
96,Nulo,-1,#NULO#,PE,705260
96,Nulo,-1,#NULO#,PI,151530
96,Nulo,-1,#NULO#,PR,506442
96,Nulo,-1,#NULO#,RJ,972167
96,Nulo,-1,#NULO#,RN,239728
96,Nulo,-1,#NULO#,RO,56624
96,Nulo,-1,#NULO#,RR,12782
96,Nulo,-1,#NULO#,RS,396256
96,Nulo,-1,#NULO#,SC,358287
96,Nulo,-1,#NULO#,SE,169033
96,Nulo,-1,#NULO#,SP,3029752
96,Nulo,-1,#NULO#,TO,69690
100,DAMARES ALVES,10,REPUBLICANOS,DF,714562
100,ERICK MUSSO,10,REPUBLICANOS,ES,337642
100,HAMILTON MOURÃO,10,REPUBLICANOS,RS,2593294
100,JOÃO CAMPOS,10,REPUBLICANOS,GO,350222
100,MARIANA CARVALHO,10,REPUBLICANOS,RO,263559
111,ALEXANDRE BALDY,11,PROGRESSISTAS,GO,406379
111,CACÁ LEÃO,11,PROGRESSISTAS,BA,1826218
111,COMANDANTE NÁDIA,11,PROGRESSISTAS,RS,80300
111,DAVI DAVINO FILHO,11,PROGRESSISTAS,AL,627397
111,DR. HIRAN,11,PROGRESSISTAS,RR,118760
111,FLEXA RIBEIRO,11,PROGRESSISTAS,PA,307481
111,JAQUELINE CASSOL,11,PROGRESSISTAS,RO,104020
111,JOEL RODRIGUES,11,PROGRESSISTAS,PI,892010
111,KATIA,11,PROGRESSISTAS,TO,145104
111,LAÉRCIO,11,PROGRESSISTAS,SE,310300
111,MARCELO ARO,11,PROGRESSISTAS,MG,2025573
111,NERI,11,PROGRESSISTAS,MT,310481
111,TEREZA CRISTINA,11,PROGRESSISTAS,MS,829149
120,CABO DACIOLO,12,Partido Democrático Trabalhista,RJ,285037
123,ACIR GURGACZ,12,Partido Democrático Trabalhista,RO,63300
123,ALDO REBELO,12,Partido Democrático Trabalhista,SP,230833
123,ANDRE RIBEIRO,12,Partido Democrático Trabalhista,PB,19903
123,BRUNO MIRANDA,12,Partido Democrático Trabalhista,MG,105650
123,CARLOS EDUARDO,12,Partido Democrático Trabalhista,RN,565235
123,DESIREE,12,Partido Democrático Trabalhista,PR,130520
123,HILDA DEOLA,12,Partido Democrático Trabalhista,SC,66496
123,JOE VALLE,12,Partido Democrático Trabalhista,DF,49310
123,LUIZ CASTRO,12,Partido Democrático Trabalhista,AM,131116
123,MARANHÃO DO POVÃO,12,Partido Democrático Trabalhista,RR,2822
130,TERESA LEITÃO,13,Partido dos Trabalhadores,PE,2061276
131,BETO FARO,13,Partido dos Trabalhadores,PA,1781582
131,CAMILO,13,Partido dos Trabalhadores,CE,3389513
131,NAZARÉ ARAÚJO,13,Partido dos Trabalhadores,AC,39555
131,OLÍVIO DUTRA,13,Partido dos Trabalhadores,RS,2225458
131,VILELA DO PT,13,Partido dos Trabalhadores,TO,44203
131,WELLINGTON DIAS,13,Partido dos Trabalhadores,PI,962194
133,ANDRE CECILIANO,13,Partido dos Trabalhadores,RJ,986676
133,PROFESSOR TIAGO BOTELHO,13,Partido dos Trabalhadores,MS,178041
133,RICARDO COUTINHO,13,Partido dos Trabalhadores,PB,431857
133,ROSILENE CORRÊA,13,Partido dos Trabalhadores,DF,356198
142,DANIEL SILVEIRA,14,Partido Trabalhista Brasileiro,RJ,1566352
142,KENNEDY NUNES,14,Partido Trabalhista Brasileiro,SC,443425
142,MARCELO HIPÓLITO,14,Partido Trabalhista Brasileiro,DF,1841
142,PASTOR ALTAMIRO ALVES,14,Partido Trabalhista Brasileiro,MG,47018
144,ANTÔNIO GALVAN,14,Partido Trabalhista Brasileiro,MT,337003
144,DR ILDERSON,14,Partido Trabalhista Brasileiro,RR,5542
145,GUARACY,14,Partido Trabalhista Brasileiro,AP,9177
145,ROBERTO ROCHA,14,Partido Trabalhista Brasileiro,MA,1211174
151,RAYSSA FURLAN,15,Movimento Democrático Brasileiro,AP,174128
151,RENAN FILHO,15,Movimento Democrático Brasileiro,AL,845988
155,CELSO MALDANER,15,Movimento Democrático Brasileiro,SC,304799
155,EDSON APARECIDO,15,Movimento Democrático Brasileiro,SP,1655224
155,ORLANDO PESSUTI,15,Movimento Democrático Brasileiro,PR,63784
156,ROMERO JUCÁ,15,Movimento Democrático Brasileiro,RR,91431
156,ROSE DE FREITAS,15,Movimento Democrático Brasileiro,ES,747104
160,BÁRBARA SINEDINO,16,Partido Socialista dos Trabalhadores Unificado,RJ,18222
160,CARLOS SILVA,16,Partido Socialista dos Trabalhadores Unificado,CE,2919
160,DAYSE MEDEIROS,16,Partido Socialista dos Trabalhadores Unificado,PE,12844
160,FABIANA SANGUINÉ,16,Partido Socialista dos Trabalhadores Unificado,RS,9353
160,PROFESSOR JOÃO SANTIAGO,16,Partido Socialista dos Trabalhadores Unificado,PA,13452
161,DIRLENE MARQUES,16,Partido Socialista dos Trabalhadores Unificado,MG,37317
161,ELCIMARA,16,Partido Socialista dos Trabalhadores Unificado,DF,2473
161,FILIPE SKITER,16,Partido Socialista dos Trabalhadores Unificado,ES,5621
161,GILMAR SALGADO,16,Partido Socialista dos Trabalhadores Unificado,SC,2657
161,HERALDO GOES,16,Partido Socialista dos Trabalhadores Unificado,SE,1600
161,MANCHA COLETIVO SOCIALISTA,16,Partido Socialista dos Trabalhadores Unificado,SP,14598
161,SAULO ARCANGELI,16,Partido Socialista dos Trabalhadores Unificado,MA,10206
166,DÁRIO BARBOSA,16,Partido Socialista dos Trabalhadores Unificado,RN,3072
166,GERVÁSIO SANTOS,16,Partido Socialista dos Trabalhadores Unificado,PI,1265
180,PEDRO IVO MANDATO COLETIVO,18,Rede Sustentabilidade,DF,8133
190,ALVARO DIAS,19,Podemos,PR,1396089
190,DELEGADA DANIELLE GARCIA,19,Podemos,SE,206135
190,DELEGADO JARDEL,19,Podemos,PA,85099
190,OZEAS COLARES,19,Podemos,RR,5393
192,GERALDO PINHO,19,Podemos,RN,10000
199,NEY AMORIM,19,Podemos,AC,73567
200,CLEITINHO,20,Partido Social Cristão,MG,4268193
200,MARISTELA ZANOTTO,20,Partido Social Cristão,RS,17292
211,HIRAN ROEDEL,21,Partido Comunista Brasileiro,RJ,5120
211,PROF. TITO BELLINI,21,Partido Comunista Brasileiro,SP,59449
222,ASTRONAUTA MARCOS PONTES,22,Partido Liberal,SP,10714913
222,BRUNO ROBERTO,22,Partido Liberal,PB,231968
222,CORONEL MENEZES,22,Partido Liberal,AM,737875
222,DOUTORA RAISSA SOARES,22,Partido Liberal,BA,1057085
222,DR. EDUARDO AMORIM,22,Partido Liberal,SE,246398
222,FLÁVIA ARRUDA,22,Partido Liberal,DF,429676
222,GILSON MACHADO,22,Partido Liberal,PE,1320555
222,JAIME BAGATTOLI,22,Partido Liberal,RO,293488
222,JORGE SEIF,22,Partido Liberal,SC,1484110
222,MAGNO MALTA,22,Partido Liberal,ES,821189
222,MARCIA BITTAR,22,Partido Liberal,AC,41159
222,MARIO COUTO,22,Partido Liberal,PA,1485453
222,PAULO MARTINS,22,Partido Liberal,PR,1697962
222,ROGÉRIO MARINHO,22,Partido Liberal,RN,708351
222,ROMÁRIO,22,Partido Liberal,RJ,2384331
222,WELLINGTON FAGUNDES,22,Partido Liberal,MT,825229
222,WILDER MORAIS,22,Partido Liberal,GO,799022
270,AIRTON COSTA,27,Democracia Cristã,SE,1333
270,DR. AZKOUL,27,Democracia Cristã,SP,19337
270,DR. JORGE YANAI,27,Democracia Cristã,MT,27937
270,PAULO ROSA,27,Democracia Cristã,RS,2077
270,TENENTE CORONEL SOUZA JÚNIOR,27,Democracia Cristã,DF,4795
270,VETERINARIA SHIRLEI MEDEIROS,27,Democracia Cristã,RN,5766
271,LAZARA MERLEY,27,Democracia Cristã,TO,588
277,CORONEL LUGATO,27,Democracia Cristã,ES,7978
277,PASTOR IVO NOGUEIRA,27,Democracia Cristã,MA,24875
277,PROF. HELVIO COSTA,27,Democracia Cristã,RJ,7036
280,IRANI GOMES,28,Partido Renovador Trabalhista Brasileiro,MG,14913
281,CANTOR ESTEVES JACINTO,28,Partido Renovador Trabalhista Brasileiro,PE,15701
282,MARCELO GUERREIRO,28,Partido Renovador Trabalhista Brasileiro,RN,590
282,SERGIO QUEIROZ,28,Partido Renovador Trabalhista Brasileiro,PB,233849
287,JANAINA PASCHOAL,28,Partido Renovador Trabalhista Brasileiro,SP,447550
288,ANTONIO BUNGENSTAB,28,Partido Renovador Trabalhista Brasileiro,ES,2534
288,MARCELO CLAUDIO,28,Partido Renovador Trabalhista Brasileiro,TO,757
288,SUELI PINI,28,Partido Renovador Trabalhista Brasileiro,AP,4961
289,RENATA FONSECA,28,Partido Renovador Trabalhista Brasileiro,PA,52996
290,ALBETIZA MOREIRA,29,Partido da Causa Operária,PI,1730
290,ANTONIO HERMANO,29,Partido da Causa Operária,RJ,1198
290,ANTÔNIO CARLOS,29,Partido da Causa Operária,SP,13280
290,CAROLINE SANT ANNA,29,Partido da Causa Operária,SC,2940
290,CICERO  ARAUJO,29,Partido da Causa Operária,BA,1549
290,EXPEDITO  MENDONÇA,29,Partido da Causa Operária,DF,613
290,FRANCISCO SETTINERI,29,Partido da Causa Operária,RS,198
290,MANOEL MESSIAS,29,Partido da Causa Operária,PB,773
290,NAOMI DE ALMEIDA,29,Partido da Causa Operária,MG,3229
290,ROBERTA RITA,29,Partido da Causa Operária,PE,666
290,ROBERTO FRANÇA DA SILVA JUNIOR,29,Partido da Causa Operária,PR,3402
299,MARINALDO DE SOUSA SILVA,29,Partido da Causa Operária,AP,174
300,FELICIANO AZUAGA,30,Partido Novo,MT,33167
300,LEONARDO RIZZO,30,Partido Novo,GO,35998
300,LUIZ BARBOZA,30,Partido Novo,SC,99107
300,RICARDO MELLÃO,30,Partido Novo,SP,311321
333,JUIZ HELDER GIRÃO,33,Partido da Mobilização Nacional,RR,25554
333,MARCELO BARRETO,33,Partido da Mobilização Nacional,BA,12318
333,PASTOR SILVESTRE,33,Partido da Mobilização Nacional,RN,4024
333,PROFESSOR AJOSÉ,33,Partido da Mobilização Nacional,PI,8949
337,DR SABOIA,33,Partido da Mobilização Nacional,PR,2521
350,BOMBEIRO SUZANA SOUZA,35,Partido da Mulher Brasileira,AL,5222
353,ANDREA SCHMIDT,35,Partido da Mulher Brasileira,TO,5745
355,PASTOR JOSINELIO,35,Partido da Mulher Brasileira,RO,7617
355,SABBÁ,35,Partido da Mulher Brasileira,PA,36055
355,SUED HAIDAR,35,Partido da Mulher Brasileira,RJ,11933
360,GIDEON,36,AGIR,PA,11728
361,PASTOR PETER MIRANDA,36,AGIR,AM,3790
364,DIMAS SANDAS,36,AGIR,AC,413
364,DRA ROSANGELA LÁZARO,36,AGIR,RO,3788
366,CARONE,36,AGIR,ES,3357
368,JEFERSON BEZERRA,36,AGIR,MS,1000
400,ALESSANDRO MOLON,40,Partido Socialista Brasileiro,RJ,1731786
400,CARLOS AMASTHA,40,Partido Socialista Brasileiro,TO,100649
400,DR. JENILSON LEITE,40,Partido Socialista Brasileiro,AC,65522
400,DÁRIO,40,Partido Socialista Brasileiro,SC,605258
400,FLÁVIO DINO,40,Partido Socialista Brasileiro,MA,2125811
400,MÁRCIO FRANÇA,40,Partido Socialista Brasileiro,SP,7822518
400,POLLYANNA,40,Partido Socialista Brasileiro,PB,457679
400,RAFAEL MOTTA,40,Partido Socialista Brasileiro,RN,385275
400,SANNY FIGUEIREDO,40,Partido Socialista Brasileiro,RS,31613
401,CAPI,40,Partido Socialista Brasileiro,AP,21979
404,VALADARES FILHO,40,Partido Socialista Brasileiro,SE,267756
433,ROSANE FERREIRA,43,Partido Verde,PR,475597
444,ALAN RICK,44,UNIÃO BRASIL,AC,154312
444,CARLOS ANDRADE LIMA,44,UNIÃO BRASIL,PE,258289
444,CLARISSA,44,UNIÃO BRASIL,RJ,1145413
444,DAVI,44,UNIÃO BRASIL,AP,196087
444,DELEGADO WALDIR,44,UNIÃO BRASIL,GO,539219
444,EFRAIM FILHO,44,UNIÃO BRASIL,PB,617477
444,MANDETTA,44,UNIÃO BRASIL,MS,206093
444,PROFESSORA DORINHA,44,UNIÃO BRASIL,TO,395408
444,SERGIO MORO,44,UNIÃO BRASIL,PR,1953188
451,ARTHUR NETO,45,Partido da Social Democracia Brasileira,AM,179886
456,GUILHERME COELHO,45,Partido da Social Democracia Brasileira,PE,187364
456,MARCONI PERILLO,45,Partido da Social Democracia Brasileira,GO,626662
456,PIONEIRO,45,Partido da Social Democracia Brasileira,PA,390959
456,YARA PRADO,45,Partido da Social Democracia Brasileira,DF,9676
500,AFRÂNIO BOPPRÉ,50,Partido Socialismo e Liberdade,SC,116189
500,ALEXANDRE SOARES,50,Partido Socialismo e Liberdade,PB,10289
500,ANIZIO TOCCHIO,50,Partido Socialismo e Liberdade,MS,2101
500,ANTONIA CARIONGO,50,Partido Socialismo e Liberdade,MA,34294
500,BARTÔ MACUXI,50,Partido Socialismo e Liberdade,RR,11171
500,EUGÊNIA LIMA,50,Partido Socialismo e Liberdade,PE,45358
500,FREITAS JR.,50,Partido Socialismo e Liberdade,RN,6661
500,GEORGE MÁGNO,50,Partido Socialismo e Liberdade,PI,7895
500,GILBERTO CAMPOS COLETIVA,50,Partido Socialismo e Liberdade,ES,20138
500,HENRI CLAY,50,Partido Socialismo e Liberdade,SE,52741
500,JOSÉ ROBERTO,50,Partido Socialismo e Liberdade,MT,22491
500,LAERSON MATIAS,50,Partido Socialismo e Liberdade,PR,17953
500,LÚCIA VIANA,50,Partido Socialismo e Liberdade,TO,1622
500,MANU JACOB,50,Partido Socialismo e Liberdade,GO,51743
500,MARIO AGRA,50,Partido Socialismo e Liberdade,AL,12768
500,MARÍLIA FREIRE,50,Partido Socialismo e Liberdade,AM,28557
500,SANDERSON MOURA,50,Partido Socialismo e Liberdade,AC,2763
500,SARA AZEVEDO,50,Partido Socialismo e Liberdade,MG,113304
500,TÂMARA AZEVEDO,50,Partido Socialismo e Liberdade,BA,119307
510,GILBERTO LAURINDO,51,Patriota,AP,2033
510,KÁSSIO COELHO,51,Patriota,MT,52940
510,PASTOR CLAUDEMIR LOPES,51,Patriota,TO,20704
511,MAURICIO COSTA,51,Patriota,RR,1052
551,RAIMUNDO COLOMBO,55,Partido Social Democrático,SC,608213
555,ALEXANDRE SILVEIRA,55,Partido Social Democrático,MG,3679392
555,ANA AMÉLIA LEMOS,55,Partido Social Democrático,RS,966450
555,ANDRÉ DE PAULA,55,Partido Social Democrático,PE,567367
555,CARLOS RODRIGUES,55,Partido Social Democrático,DF,9366
555,ERIKA AMORIM,55,Partido Social Democrático,CE,193243
555,EXPEDITO JUNIOR,55,Partido Social Democrático,RO,83946
555,JUIZ ODILON,55,Partido Social Democrático,MS,146261
555,OMAR AZIZ,55,Partido Social Democrático,AM,784007
555,OTTO ALENCAR,55,Partido Social Democrático,BA,4218333
555,VILMAR ROCHA,55,Partido Social Democrático,GO,55934
651,DENISE CARVALHO,65,Partido Comunista do Brasil,GO,299013
700,CHICO PRETO,70,AVANTE,AM,10200
700,ELIELTON LIRA,70,AVANTE,PA,21278
700,ITAGIBA,70,AVANTE,RJ,18224
700,KAMILA CARDOSO,70,AVANTE,CE,1273272
700,NELSON JUNIOR,70,AVANTE,ES,11787
700,PROFESSOR NADO,70,AVANTE,RS,33923
700,VALDENOR GUEDES,70,AVANTE,AP,971
777,BESSA,77,Solidariedade,AM,17339
777,HÉLIO JOSÉ,77,Solidariedade,DF,2069
800,MARCOS DO MLB,80,Unidade Popular,RN,3535
800,RAUL,80,Unidade Popular,RJ,7299
800,VIVIAN MENDES,80,Unidade Popular,SP,280460
900,ALINE SLEUTJES,90,Partido Republicano da Ordem Social,PR,89560
900,ATAÍDES DE OLIVEIRA,90,Partido Republicano da Ordem Social,TO,69420
900,CORONEL DO VALLE,90,Partido Republicano da Ordem Social,AL,21325
900,DRA. VANDA MILANI,90,Partido Republicano da Ordem Social,AC,34658
901,PAULO CASTELO BRANCO,90,Partido Republicano da Ordem Social,PA,1278
903,TELMARIO MOTA,90,Partido Republicano da Ordem Social,RR,19609
