NR_VOTAVEL,NM_VOTAVEL,NR_PARTIDO,NM_PARTIDO,TOTAL_VOTOS
12,CIRO GOMES,12,Partido Democrático Trabalhista,3599287
13,LULA,13,Partido dos Trabalhadores,57259504
14,PADRE KELMON,14,Partido Trabalhista Brasileiro,81129
15,SIMONE TEBET,15,Movimento Democrático Brasileiro,4915423
16,VERA,16,Partido Socialista dos Trabalhadores Unificado,25625
21,SOFIA MANZANO,21,Partido Comunista Brasileiro,45620
22,JAIR BOLSONARO,22,Partido Liberal,51072345
27,CONSTITUINTE EYMAEL,27,Democracia Cristã,16604
30,FELIPE D'AVILA,30,Partido Novo,559708
44,SORAYA THRONICKE,44,UNIÃO BRASIL,600955
80,LÉO PÉRICLES,80,Unidade Popular,53519
95,Branco,-1,#NULO#,1964779
96,Nulo,-1,#NULO#,3487874
