NR_VOTAVEL,NM_VOTAVEL,NR_PARTIDO,NM_PARTIDO,SG_UF,TOTAL_VOTOS
12,CIRO GOMES,12,Partido Democrático Trabalhista,AC,12314
12,CIRO GOMES,12,Partido Democrático Trabalhista,AL,43542
12,CIRO GOMES,12,Partido Democrático Trabalhista,AM,44527
12,CIRO GOMES,12,Partido Democrático Trabalhista,AP,14670
12,CIRO GOMES,12,Partido Democrático Trabalhista,BA,217224
12,CIRO GOMES,12,Partido Democrático Trabalhista,CE,369222
12,CIRO GOMES,12,Partido Democrático Trabalhista,DF,74308
12,CIRO GOMES,12,Partido Democrático Trabalhista,ES,56221
12,CIRO GOMES,12,Partido Democrático Trabalhista,GO,90695
12,CIRO GOMES,12,Partido Democrático Trabalhista,MA,96095
12,CIRO GOMES,12,Partido Democrático Trabalhista,MG,310324
12,CIRO GOMES,12,Partido Democrático Trabalhista,MS,29314
12,CIRO GOMES,12,Partido Democrático Trabalhista,MT,29437
12,CIRO GOMES,12,Partido Democrático Trabalhista,PA,116057
12,CIRO GOMES,12,Partido Democrático Trabalhista,PB,76225
12,CIRO GOMES,12,Partido Democrático Trabalhista,PE,130015
12,CIRO GOMES,12,Partido Democrático Trabalhista,PI,59321
12,CIRO GOMES,12,Partido Democrático Trabalhista,PR,180599
12,CIRO GOMES,12,Partido Democrático Trabalhista,RJ,301489
12,CIRO GOMES,12,Partido Democrático Trabalhista,RN,71740
12,CIRO GOMES,12,Partido Democrático Trabalhista,RO,19353
12,CIRO GOMES,12,Partido Democrático Trabalhista,RR,6709
12,CIRO GOMES,12,Partido Democrático Trabalhista,RS,190945
12,CIRO GOMES,12,Partido Democrático Trabalhista,SC,88672
12,CIRO GOMES,12,Partido Democrático Trabalhista,SE,40247
12,CIRO GOMES,12,Partido Democrático Trabalhista,SP,898540
12,CIRO GOMES,12,Partido Democrático Trabalhista,TO,18141
12,CIRO GOMES,12,Partido Democrático Trabalhista,ZZ,13341
13,LULA,13,Partido dos Trabalhadores,AC,129022
13,LULA,13,Partido dos Trabalhadores,AL,974156
13,LULA,13,Partido dos Trabalhadores,AM,1019684
13,LULA,13,Partido dos Trabalhadores,AP,197382
13,LULA,13,Partido dos Trabalhadores,BA,5873081
13,LULA,13,Partido dos Trabalhadores,CE,3578355
13,LULA,13,Partido dos Trabalhadores,DF,649534
13,LULA,13,Partido dos Trabalhadores,ES,897348
13,LULA,13,Partido dos Trabalhadores,GO,1454723
13,LULA,13,Partido dos Trabalhadores,MA,2603454
13,LULA,13,Partido dos Trabalhadores,MG,5802571
13,LULA,13,Partido dos Trabalhadores,MS,588323
13,LULA,13,Partido dos Trabalhadores,MT,633748
13,LULA,13,Partido dos Trabalhadores,PA,2443730
13,LULA,13,Partido dos Trabalhadores,PB,1554868
13,LULA,13,Partido dos Trabalhadores,PE,3558322
13,LULA,13,Partido dos Trabalhadores,PI,1518008
13,LULA,13,Partido dos Trabalhadores,PR,2363492
13,LULA,13,Partido dos Trabalhadores,RJ,3847143
13,LULA,13,Partido dos Trabalhadores,RN,1264179
13,LULA,13,Partido dos Trabalhadores,RO,261749
13,LULA,13,Partido dos Trabalhadores,RR,68760
13,LULA,13,Partido dos Trabalhadores,RS,2806672
13,LULA,13,Partido dos Trabalhadores,SC,1279216
13,LULA,13,Partido dos Trabalhadores,SE,828716
13,LULA,13,Partido dos Trabalhadores,SP,10490032
13,LULA,13,Partido dos Trabalhadores,TO,434303
13,LULA,13,Partido dos Trabalhadores,ZZ,138933
14,PADRE KELMON,14,Partido Trabalhista Brasileiro,AC,279
14,PADRE KELMON,14,Partido Trabalhista Brasileiro,AL,3020
14,PADRE KELMON,14,Partido Trabalhista Brasileiro,AM,1373
14,PADRE KELMON,14,Partido Trabalhista Brasileiro,AP,359
14,PADRE KELMON,14,Partido Trabalhista Brasileiro,BA,4898
14,PADRE KELMON,14,Partido Trabalhista Brasileiro,CE,2278
14,PADRE KELMON,14,Partido Trabalhista Brasileiro,DF,1554
14,PADRE KELMON,14,Partido Trabalhista Brasileiro,ES,1752
14,PADRE KELMON,14,Partido Trabalhista Brasileiro,GO,2303
14,PADRE KELMON,14,Partido Trabalhista Brasileiro,MA,4357
14,PADRE KELMON,14,Partido Trabalhista Brasileiro,MG,7309
14,PADRE KELMON,14,Partido Trabalhista Brasileiro,MS,1057
14,PADRE KELMON,14,Partido Trabalhista Brasileiro,MT,2545
14,PADRE KELMON,14,Partido Trabalhista Brasileiro,PA,2783
14,PADRE KELMON,14,Partido Trabalhista Brasileiro,PB,1489
14,PADRE KELMON,14,Partido Trabalhista Brasileiro,PE,2991
14,PADRE KELMON,14,Partido Trabalhista Brasileiro,PI,1122
14,PADRE KELMON,14,Partido Trabalhista Brasileiro,PR,5161
14,PADRE KELMON,14,Partido Trabalhista Brasileiro,RJ,7760
14,PADRE KELMON,14,Partido Trabalhista Brasileiro,RN,860
14,PADRE KELMON,14,Partido Trabalhista Brasileiro,RO,749
14,PADRE KELMON,14,Partido Trabalhista Brasileiro,RR,190
14,PADRE KELMON,14,Partido Trabalhista Brasileiro,RS,4394
14,PADRE KELMON,14,Partido Trabalhista Brasileiro,SC,3369
14,PADRE KELMON,14,Partido Trabalhista Brasileiro,SE,631
14,PADRE KELMON,14,Partido Trabalhista Brasileiro,SP,15784
14,PADRE KELMON,14,Partido Trabalhista Brasileiro,TO,418
14,PADRE KELMON,14,Partido Trabalhista Brasileiro,ZZ,344
15,SIMONE TEBET,15,Movimento Democrático Brasileiro,AC,20122
15,SIMONE TEBET,15,Movimento Democrático Brasileiro,AL,67411
15,SIMONE TEBET,15,Movimento Democrático Brasileiro,AM,87060
15,SIMONE TEBET,15,Movimento Democrático Brasileiro,AP,27497
15,SIMONE TEBET,15,Movimento Democrático Brasileiro,BA,197305
15,SIMONE TEBET,15,Movimento Democrático Brasileiro,CE,66214
15,SIMONE TEBET,15,Movimento Democrático Brasileiro,DF,105377
15,SIMONE TEBET,15,Movimento Democrático Brasileiro,ES,85325
15,SIMONE TEBET,15,Movimento Democrático Brasileiro,GO,170742
15,SIMONE TEBET,15,Movimento Democrático Brasileiro,MA,78254
15,SIMONE TEBET,15,Movimento Democrático Brasileiro,MG,500658
15,SIMONE TEBET,15,Movimento Democrático Brasileiro,MS,79719
15,SIMONE TEBET,15,Movimento Democrático Brasileiro,MT,55989
15,SIMONE TEBET,15,Movimento Democrático Brasileiro,PA,204075
15,SIMONE TEBET,15,Movimento Democrático Brasileiro,PB,57154
15,SIMONE TEBET,15,Movimento Democrático Brasileiro,PE,96570
15,SIMONE TEBET,15,Movimento Democrático Brasileiro,PI,42179
15,SIMONE TEBET,15,Movimento Democrático Brasileiro,PR,309685
15,SIMONE TEBET,15,Movimento Democrático Brasileiro,RJ,365969
15,SIMONE TEBET,15,Movimento Democrático Brasileiro,RN,38633
15,SIMONE TEBET,15,Movimento Democrático Brasileiro,RO,31217
15,SIMONE TEBET,15,Movimento Democrático Brasileiro,RR,12956
15,SIMONE TEBET,15,Movimento Democrático Brasileiro,RS,317957
15,SIMONE TEBET,15,Movimento Democrático Brasileiro,SC,191310
15,SIMONE TEBET,15,Movimento Democrático Brasileiro,SE,42073
15,SIMONE TEBET,15,Movimento Democrático Brasileiro,SP,1625596
15,SIMONE TEBET,15,Movimento Democrático Brasileiro,TO,25209
15,SIMONE TEBET,15,Movimento Democrático Brasileiro,ZZ,13167
16,VERA,16,Partido Socialista dos Trabalhadores Unificado,AC,77
16,VERA,16,Partido Socialista dos Trabalhadores Unificado,AL,325
16,VERA,16,Partido Socialista dos Trabalhadores Unificado,AM,393
16,VERA,16,Partido Socialista dos Trabalhadores Unificado,AP,144
16,VERA,16,Partido Socialista dos Trabalhadores Unificado,BA,1148
16,VERA,16,Partido Socialista dos Trabalhadores Unificado,CE,717
16,VERA,16,Partido Socialista dos Trabalhadores Unificado,DF,454
16,VERA,16,Partido Socialista dos Trabalhadores Unificado,ES,437
16,VERA,16,Partido Socialista dos Trabalhadores Unificado,GO,498
16,VERA,16,Partido Socialista dos Trabalhadores Unificado,MA,799
16,VERA,16,Partido Socialista dos Trabalhadores Unificado,MG,2612
16,VERA,16,Partido Socialista dos Trabalhadores Unificado,MS,222
16,VERA,16,Partido Socialista dos Trabalhadores Unificado,MT,250
16,VERA,16,Partido Socialista dos Trabalhadores Unificado,PA,918
16,VERA,16,Partido Socialista dos Trabalhadores Unificado,PB,332
16,VERA,16,Partido Socialista dos Trabalhadores Unificado,PE,765
16,VERA,16,Partido Socialista dos Trabalhadores Unificado,PI,317
16,VERA,16,Partido Socialista dos Trabalhadores Unificado,PR,1170
16,VERA,16,Partido Socialista dos Trabalhadores Unificado,RJ,2643
16,VERA,16,Partido Socialista dos Trabalhadores Unificado,RN,422
16,VERA,16,Partido Socialista dos Trabalhadores Unificado,RO,139
16,VERA,16,Partido Socialista dos Trabalhadores Unificado,RR,75
16,VERA,16,Partido Socialista dos Trabalhadores Unificado,RS,1337
16,VERA,16,Partido Socialista dos Trabalhadores Unificado,SC,838
16,VERA,16,Partido Socialista dos Trabalhadores Unificado,SE,589
16,VERA,16,Partido Socialista dos Trabalhadores Unificado,SP,7450
16,VERA,16,Partido Socialista dos Trabalhadores Unificado,TO,90
16,VERA,16,Partido Socialista dos Trabalhadores Unificado,ZZ,464
21,SOFIA MANZANO,21,Partido Comunista Brasileiro,AC,144
21,SOFIA MANZANO,21,Partido Comunista Brasileiro,AL,494
21,SOFIA MANZANO,21,Partido Comunista Brasileiro,AM,476
21,SOFIA MANZANO,21,Partido Comunista Brasileiro,AP,130
21,SOFIA MANZANO,21,Partido Comunista Brasileiro,BA,2423
21,SOFIA MANZANO,21,Partido Comunista Brasileiro,CE,1579
21,SOFIA MANZANO,21,Partido Comunista Brasileiro,DF,894
21,SOFIA MANZANO,21,Partido Comunista Brasileiro,ES,683
21,SOFIA MANZANO,21,Partido Comunista Brasileiro,GO,1073
21,SOFIA MANZANO,21,Partido Comunista Brasileiro,MA,727
21,SOFIA MANZANO,21,Partido Comunista Brasileiro,MG,4431
21,SOFIA MANZANO,21,Partido Comunista Brasileiro,MS,371
21,SOFIA MANZANO,21,Partido Comunista Brasileiro,MT,406
21,SOFIA MANZANO,21,Partido Comunista Brasileiro,PA,920
21,SOFIA MANZANO,21,Partido Comunista Brasileiro,PB,634
21,SOFIA MANZANO,21,Partido Comunista Brasileiro,PE,1419
21,SOFIA MANZANO,21,Partido Comunista Brasileiro,PI,427
21,SOFIA MANZANO,21,Partido Comunista Brasileiro,PR,2744
21,SOFIA MANZANO,21,Partido Comunista Brasileiro,RJ,4458
21,SOFIA MANZANO,21,Partido Comunista Brasileiro,RN,606
21,SOFIA MANZANO,21,Partido Comunista Brasileiro,RO,232
21,SOFIA MANZANO,21,Partido Comunista Brasileiro,RR,64
21,SOFIA MANZANO,21,Partido Comunista Brasileiro,RS,2399
21,SOFIA MANZANO,21,Partido Comunista Brasileiro,SC,1812
21,SOFIA MANZANO,21,Partido Comunista Brasileiro,SE,364
21,SOFIA MANZANO,21,Partido Comunista Brasileiro,SP,14943
21,SOFIA MANZANO,21,Partido Comunista Brasileiro,TO,149
21,SOFIA MANZANO,21,Partido Comunista Brasileiro,ZZ,618
22,JAIR BOLSONARO,22,Partido Liberal,AC,275582
22,JAIR BOLSONARO,22,Partido Liberal,AL,621515
22,JAIR BOLSONARO,22,Partido Liberal,AM,880198
22,JAIR BOLSONARO,22,Partido Liberal,AP,187621
22,JAIR BOLSONARO,22,Partido Liberal,BA,2047599
22,JAIR BOLSONARO,22,Partido Liberal,CE,1377827
22,JAIR BOLSONARO,22,Partido Liberal,DF,910397
22,JAIR BOLSONARO,22,Partido Liberal,ES,1160030
22,JAIR BOLSONARO,22,Partido Liberal,GO,1920203
22,JAIR BOLSONARO,22,Partido Liberal,MA,983861
22,JAIR BOLSONARO,22,Partido Liberal,MG,5239264
22,JAIR BOLSONARO,22,Partido Liberal,MS,794206
22,JAIR BOLSONARO,22,Partido Liberal,MT,1102866
22,JAIR BOLSONARO,22,Partido Liberal,PA,1884673
22,JAIR BOLSONARO,22,Partido Liberal,PB,717416
22,JAIR BOLSONARO,22,Partido Liberal,PE,1630938
22,JAIR BOLSONARO,22,Partido Liberal,PI,406897
22,JAIR BOLSONARO,22,Partido Liberal,PR,3628612
22,JAIR BOLSONARO,22,Partido Liberal,RJ,4831246
22,JAIR BOLSONARO,22,Partido Liberal,RN,622731
22,JAIR BOLSONARO,22,Partido Liberal,RO,581306
22,JAIR BOLSONARO,22,Partido Liberal,RR,207587
22,JAIR BOLSONARO,22,Partido Liberal,RS,3245023
22,JAIR BOLSONARO,22,Partido Liberal,SC,2694406
22,JAIR BOLSONARO,22,Partido Liberal,SE,378610
22,JAIR BOLSONARO,22,Partido Liberal,SP,12239989
22,JAIR BOLSONARO,22,Partido Liberal,TO,379194
22,JAIR BOLSONARO,22,Partido Liberal,ZZ,122548
27,CONSTITUINTE EYMAEL,27,Democracia Cristã,AC,44
27,CONSTITUINTE EYMAEL,27,Democracia Cristã,AL,139
27,CONSTITUINTE EYMAEL,27,Democracia Cristã,AM,267
27,CONSTITUINTE EYMAEL,27,Democracia Cristã,AP,62
27,CONSTITUINTE EYMAEL,27,Democracia Cristã,BA,753
27,CONSTITUINTE EYMAEL,27,Democracia Cristã,CE,416
27,CONSTITUINTE EYMAEL,27,Democracia Cristã,DF,518
27,CONSTITUINTE EYMAEL,27,Democracia Cristã,ES,377
27,CONSTITUINTE EYMAEL,27,Democracia Cristã,GO,397
27,CONSTITUINTE EYMAEL,27,Democracia Cristã,MA,391
27,CONSTITUINTE EYMAEL,27,Democracia Cristã,MG,1588
27,CONSTITUINTE EYMAEL,27,Democracia Cristã,MS,152
27,CONSTITUINTE EYMAEL,27,Democracia Cristã,MT,195
27,CONSTITUINTE EYMAEL,27,Democracia Cristã,PA,349
27,CONSTITUINTE EYMAEL,27,Democracia Cristã,PB,283
27,CONSTITUINTE EYMAEL,27,Democracia Cristã,PE,456
27,CONSTITUINTE EYMAEL,27,Democracia Cristã,PI,150
27,CONSTITUINTE EYMAEL,27,Democracia Cristã,PR,1104
27,CONSTITUINTE EYMAEL,27,Democracia Cristã,RJ,1546
27,CONSTITUINTE EYMAEL,27,Democracia Cristã,RN,243
27,CONSTITUINTE EYMAEL,27,Democracia Cristã,RO,111
27,CONSTITUINTE EYMAEL,27,Democracia Cristã,RR,37
27,CONSTITUINTE EYMAEL,27,Democracia Cristã,RS,885
27,CONSTITUINTE EYMAEL,27,Democracia Cristã,SC,567
27,CONSTITUINTE EYMAEL,27,Democracia Cristã,SE,196
27,CONSTITUINTE EYMAEL,27,Democracia Cristã,SP,5015
27,CONSTITUINTE EYMAEL,27,Democracia Cristã,TO,105
27,CONSTITUINTE EYMAEL,27,Democracia Cristã,ZZ,258
30,FELIPE D'AVILA,30,Partido Novo,AC,825
30,FELIPE D'AVILA,30,Partido Novo,AL,2450
30,FELIPE D'AVILA,30,Partido Novo,AM,5212
30,FELIPE D'AVILA,30,Partido Novo,AP,1236
30,FELIPE D'AVILA,30,Partido Novo,BA,11605
30,FELIPE D'AVILA,30,Partido Novo,CE,7030
30,FELIPE D'AVILA,30,Partido Novo,DF,10342
30,FELIPE D'AVILA,30,Partido Novo,ES,8341
30,FELIPE D'AVILA,30,Partido Novo,GO,11145
30,FELIPE D'AVILA,30,Partido Novo,MA,4368
30,FELIPE D'AVILA,30,Partido Novo,MG,98526
30,FELIPE D'AVILA,30,Partido Novo,MS,5193
30,FELIPE D'AVILA,30,Partido Novo,MT,4371
30,FELIPE D'AVILA,30,Partido Novo,PA,6130
30,FELIPE D'AVILA,30,Partido Novo,PB,3996
30,FELIPE D'AVILA,30,Partido Novo,PE,8633
30,FELIPE D'AVILA,30,Partido Novo,PI,2562
30,FELIPE D'AVILA,30,Partido Novo,PR,37983
30,FELIPE D'AVILA,30,Partido Novo,RJ,43091
30,FELIPE D'AVILA,30,Partido Novo,RN,2937
30,FELIPE D'AVILA,30,Partido Novo,RO,2398
30,FELIPE D'AVILA,30,Partido Novo,RR,794
30,FELIPE D'AVILA,30,Partido Novo,RS,40601
30,FELIPE D'AVILA,30,Partido Novo,SC,48980
30,FELIPE D'AVILA,30,Partido Novo,SE,2194
30,FELIPE D'AVILA,30,Partido Novo,SP,183719
30,FELIPE D'AVILA,30,Partido Novo,TO,1266
30,FELIPE D'AVILA,30,Partido Novo,ZZ,3780
44,SORAYA THRONICKE,44,UNIÃO BRASIL,AC,2444
44,SORAYA THRONICKE,44,UNIÃO BRASIL,AL,10683
44,SORAYA THRONICKE,44,UNIÃO BRASIL,AM,17002
44,SORAYA THRONICKE,44,UNIÃO BRASIL,AP,2955
44,SORAYA THRONICKE,44,UNIÃO BRASIL,BA,65046
44,SORAYA THRONICKE,44,UNIÃO BRASIL,CE,24497
44,SORAYA THRONICKE,44,UNIÃO BRASIL,DF,7935
44,SORAYA THRONICKE,44,UNIÃO BRASIL,ES,9944
44,SORAYA THRONICKE,44,UNIÃO BRASIL,GO,28570
44,SORAYA THRONICKE,44,UNIÃO BRASIL,MA,8709
44,SORAYA THRONICKE,44,UNIÃO BRASIL,MG,44109
44,SORAYA THRONICKE,44,UNIÃO BRASIL,MS,8082
44,SORAYA THRONICKE,44,UNIÃO BRASIL,MT,12715
44,SORAYA THRONICKE,44,UNIÃO BRASIL,PA,19297
44,SORAYA THRONICKE,44,UNIÃO BRASIL,PB,8713
44,SORAYA THRONICKE,44,UNIÃO BRASIL,PE,20686
44,SORAYA THRONICKE,44,UNIÃO BRASIL,PI,13053
44,SORAYA THRONICKE,44,UNIÃO BRASIL,PR,34125
44,SORAYA THRONICKE,44,UNIÃO BRASIL,RJ,44252
44,SORAYA THRONICKE,44,UNIÃO BRASIL,RN,4326
44,SORAYA THRONICKE,44,UNIÃO BRASIL,RO,5777
44,SORAYA THRONICKE,44,UNIÃO BRASIL,RR,1138
44,SORAYA THRONICKE,44,UNIÃO BRASIL,RS,25207
44,SORAYA THRONICKE,44,UNIÃO BRASIL,SC,20132
44,SORAYA THRONICKE,44,UNIÃO BRASIL,SE,4416
44,SORAYA THRONICKE,44,UNIÃO BRASIL,SP,153601
44,SORAYA THRONICKE,44,UNIÃO BRASIL,TO,2788
44,SORAYA THRONICKE,44,UNIÃO BRASIL,ZZ,753
80,LÉO PÉRICLES,80,Unidade Popular,AC,64
80,LÉO PÉRICLES,80,Unidade Popular,AL,482
80,LÉO PÉRICLES,80,Unidade Popular,AM,484
80,LÉO PÉRICLES,80,Unidade Popular,AP,105
80,LÉO PÉRICLES,80,Unidade Popular,BA,1926
80,LÉO PÉRICLES,80,Unidade Popular,CE,1129
80,LÉO PÉRICLES,80,Unidade Popular,DF,1262
80,LÉO PÉRICLES,80,Unidade Popular,ES,672
80,LÉO PÉRICLES,80,Unidade Popular,GO,1120
80,LÉO PÉRICLES,80,Unidade Popular,MA,630
80,LÉO PÉRICLES,80,Unidade Popular,MG,5241
80,LÉO PÉRICLES,80,Unidade Popular,MS,350
80,LÉO PÉRICLES,80,Unidade Popular,MT,366
80,LÉO PÉRICLES,80,Unidade Popular,PA,1004
80,LÉO PÉRICLES,80,Unidade Popular,PB,578
80,LÉO PÉRICLES,80,Unidade Popular,PE,1214
80,LÉO PÉRICLES,80,Unidade Popular,PI,350
80,LÉO PÉRICLES,80,Unidade Popular,PR,2089
80,LÉO PÉRICLES,80,Unidade Popular,RJ,7080
80,LÉO PÉRICLES,80,Unidade Popular,RN,587
80,LÉO PÉRICLES,80,Unidade Popular,RO,204
80,LÉO PÉRICLES,80,Unidade Popular,RR,59
80,LÉO PÉRICLES,80,Unidade Popular,RS,2332
80,LÉO PÉRICLES,80,Unidade Popular,SC,1682
80,LÉO PÉRICLES,80,Unidade Popular,SE,396
80,LÉO PÉRICLES,80,Unidade Popular,SP,21665
80,LÉO PÉRICLES,80,Unidade Popular,TO,129
80,LÉO PÉRICLES,80,Unidade Popular,ZZ,319
95,Branco,-1,#NULO#,AC,4664
95,Branco,-1,#NULO#,AL,28792
95,Branco,-1,#NULO#,AM,19570
95,Branco,-1,#NULO#,AP,3289
95,Branco,-1,#NULO#,BA,123450
95,Branco,-1,#NULO#,CE,72246
95,Branco,-1,#NULO#,DF,25162
95,Branco,-1,#NULO#,ES,39541
95,Branco,-1,#NULO#,GO,48539
95,Branco,-1,#NULO#,MA,35605
95,Branco,-1,#NULO#,MG,229425
95,Branco,-1,#NULO#,MS,17651
95,Branco,-1,#NULO#,MT,18680
95,Branco,-1,#NULO#,PA,40902
95,Branco,-1,#NULO#,PB,41922
95,Branco,-1,#NULO#,PE,90092
95,Branco,-1,#NULO#,PI,19477
95,Branco,-1,#NULO#,PR,108894
95,Branco,-1,#NULO#,RJ,159773
95,Branco,-1,#NULO#,RN,26151
95,Branco,-1,#NULO#,RO,9350
95,Branco,-1,#NULO#,RR,2255
95,Branco,-1,#NULO#,RS,129345
95,Branco,-1,#NULO#,SC,66871
95,Branco,-1,#NULO#,SE,20224
95,Branco,-1,#NULO#,SP,571257
95,Branco,-1,#NULO#,TO,6795
95,Branco,-1,#NULO#,ZZ,4857
96,Nulo,-1,#NULO#,AC,10322
96,Nulo,-1,#NULO#,AL,52962
96,Nulo,-1,#NULO#,AM,37525
96,Nulo,-1,#NULO#,AP,7392
96,Nulo,-1,#NULO#,BA,328383
96,Nulo,-1,#NULO#,CE,127100
96,Nulo,-1,#NULO#,DF,32163
96,Nulo,-1,#NULO#,ES,55218
96,Nulo,-1,#NULO#,GO,82589
96,Nulo,-1,#NULO#,MA,103185
96,Nulo,-1,#NULO#,MG,409170
96,Nulo,-1,#NULO#,MS,30509
96,Nulo,-1,#NULO#,MT,30612
96,Nulo,-1,#NULO#,PA,68473
96,Nulo,-1,#NULO#,PB,93869
96,Nulo,-1,#NULO#,PE,196270
96,Nulo,-1,#NULO#,PI,51782
96,Nulo,-1,#NULO#,PR,152885
96,Nulo,-1,#NULO#,RJ,293013
96,Nulo,-1,#NULO#,RN,57189
96,Nulo,-1,#NULO#,RO,14242
96,Nulo,-1,#NULO#,RR,4780
96,Nulo,-1,#NULO#,RS,122919
96,Nulo,-1,#NULO#,SC,89619
96,Nulo,-1,#NULO#,SE,46068
96,Nulo,-1,#NULO#,SP,962123
96,Nulo,-1,#NULO#,TO,22862
96,Nulo,-1,#NULO#,ZZ,4650
