NR_VOTAVEL,NM_VOTAVEL,NR_PARTIDO,NM_PARTIDO,SG_UF,TOTAL_VOTOS
10,MOISÉS,10,REPUBLICANOS,SC,693426
10,TARCÍSIO,10,REPUBLICANOS,SP,9881995
10,WANDERLEI BARBOSA,10,REPUBLICANOS,TO,481496
11,ANTONIO DENARIUM,11,PROGRESSISTAS,RR,163167
11,ESPERIDIÃO AMIN,11,PROGRESSISTAS,SC,398092
11,GLADSON CAMELI,11,PROGRESSISTAS,AC,242100
11,LUIS CARLOS HEINZE,11,PROGRESSISTAS,RS,271540
12,CAROL BRAZ,12,Partido Democrático Trabalhista,AM,87114
12,ELVIS CEZAR,12,Partido Democrático Trabalhista,SP,281712
12,GOMYDE,12,Partido Democrático Trabalhista,PR,126945
12,JORGE BOEIRA,12,Partido Democrático Trabalhista,SC,24809
12,JURACI ESCURINHO,12,Partido Democrático Trabalhista,RR,1878
12,LEILA DO VÔLEI,12,Partido Democrático Trabalhista,DF,79597
12,ROBERTO CLÁUDIO,12,Partido Democrático Trabalhista,CE,734976
12,RODRIGO NEVES,12,Partido Democrático Trabalhista,RJ,672291
12,VIEIRA DA CUNHA,12,Partido Democrático Trabalhista,RS,101611
12,WEVERTON,12,Partido Democrático Trabalhista,MA,714352
13,DÉCIO LIMA,13,Partido dos Trabalhadores,SC,710859
13,EDEGAR PRETTO,13,Partido dos Trabalhadores,RS,1700374
13,ELMANO DE FREITAS,13,Partido dos Trabalhadores,CE,2808300
13,FATIMA BEZERRA,13,Partido dos Trabalhadores,RN,1066496
13,FERNANDO HADDAD,13,Partido dos Trabalhadores,SP,8337139
13,GISELLE,13,Partido dos Trabalhadores,MS,135556
13,JERÔNIMO,13,Partido dos Trabalhadores,BA,4019830
13,JORGE VIANA,13,Partido dos Trabalhadores,AC,103265
13,PAULO MOURÃO,13,Partido dos Trabalhadores,TO,88143
13,RAFAEL FONTELES,13,Partido dos Trabalhadores,PI,1115139
13,REQUIÃO,13,Partido dos Trabalhadores,PR,1598204
13,ROGÉRIO CARVALHO,13,Partido dos Trabalhadores,SE,338796
13,WOLMIR AMADO,13,Partido dos Trabalhadores,GO,243561
14,COLLOR,14,Partido Trabalhista Brasileiro,AL,223585
14,CORONEL MORENO,14,Partido Trabalhista Brasileiro,DF,94100
14,PASTOR MARCOS RITELA,14,Partido Trabalhista Brasileiro,MT,233543
14,PASTOR WELLINGTON,14,Partido Trabalhista Brasileiro,PE,8020
15,ANDRÉ PUCCINELLI,15,Movimento Democrático Brasileiro,MS,247093
15,EDUARDO BRAGA,15,Movimento Democrático Brasileiro,AM,401817
15,GILVAM BORGES,15,Movimento Democrático Brasileiro,AP,4510
15,HELDER,15,Movimento Democrático Brasileiro,PA,3117276
15,IBANEIS ROCHA,15,Movimento Democrático Brasileiro,DF,832633
15,MARA ROCHA,15,Movimento Democrático Brasileiro,AC,47173
15,PAULO DANTAS,15,Movimento Democrático Brasileiro,AL,708984
15,TERESA SURITA,15,Movimento Democrático Brasileiro,RR,118856
15,VENEZIANO,15,Movimento Democrático Brasileiro,PB,373511
16,ALTINO,16,Partido Socialista dos Trabalhadores Unificado,SP,14859
16,CAPITÃO VINICIUS SOUSA,16,Partido Socialista dos Trabalhadores Unificado,ES,4505
16,CLAUDIA RIBEIRO,16,Partido Socialista dos Trabalhadores Unificado,PE,1745
16,CLEBER RABELO,16,Partido Socialista dos Trabalhadores Unificado,PA,5053
16,CYRO GARCIA,16,Partido Socialista dos Trabalhadores Unificado,RJ,12627
16,ELINOS SABINO,16,Partido Socialista dos Trabalhadores Unificado,SE,646
16,GERALDO CARVALHO,16,Partido Socialista dos Trabalhadores Unificado,PI,1425
16,GIANFRANCO,16,Partido Socialista dos Trabalhadores Unificado,AP,1588
16,HERTZ DIAS,16,Partido Socialista dos Trabalhadores Unificado,MA,5191
16,NASCIMENTO,16,Partido Socialista dos Trabalhadores Unificado,PB,978
16,PROFESSOR ALEX ALANO,16,Partido Socialista dos Trabalhadores Unificado,SC,4395
16,PROFESSOR IVAN,16,Partido Socialista dos Trabalhadores Unificado,PR,4502
16,REJANE DE OLIVEIRA,16,Partido Socialista dos Trabalhadores Unificado,RS,6252
16,ROBSON,16,Partido Socialista dos Trabalhadores Unificado,DF,841
16,ROSÁLIA FERNANDES,16,Partido Socialista dos Trabalhadores Unificado,RN,2437
16,VANESSA PORTUGAL,16,Partido Socialista dos Trabalhadores Unificado,MG,12009
16,ZÉ BATISTA,16,Partido Socialista dos Trabalhadores Unificado,CE,1507
18,AUDIFAX,18,Rede Sustentabilidade,ES,135512
19,CAPITÃO STYVENSON,19,Podemos,RN,307330
19,HENRIQUE OLIVEIRA,19,Podemos,AM,9596
19,LÉO MORAES,19,Podemos,RO,119583
20,ARGENTA,20,Partido Social Cristão,RS,126899
20,GESSY LIMA,20,Partido Social Cristão,PI,13209
20,LAHESIO BONFIM,20,Partido Social Cristão,MA,857744
21,CARLOS MESSALLA,21,Partido Comunista Brasileiro,RS,4003
21,CHICO MALTA,21,Partido Comunista Brasileiro,CE,3015
21,EDUARDO SERRA,21,Partido Comunista Brasileiro,RJ,10852
21,FRANKLE COSTA,21,Partido Comunista Brasileiro,MA,1889
21,GABRIEL COLOMBO,21,Partido Comunista Brasileiro,SP,46727
21,GIOVANI DAMICO,21,Partido Comunista Brasileiro,BA,5951
21,JONES MANOEL,21,Partido Comunista Brasileiro,PE,33931
21,PROFESSORA HELGA,21,Partido Comunista Brasileiro,GO,6993
21,RENATA REGINA,21,Partido Comunista Brasileiro,MG,12514
21,TEODORO DA CRUZ TÉO,21,Partido Comunista Brasileiro,DF,1155
21,VIVI MOTTA,21,Partido Comunista Brasileiro,PR,13577
22,ANDERSON FERREIRA,22,Partido Liberal,PE,890220
22,CARLOS VIANA,22,Partido Liberal,MG,783800
22,CLÁUDIO CASTRO,22,Partido Liberal,RJ,4930288
22,CORONEL DIEGO MELO,22,Partido Liberal,PI,15588
22,JORGINHO MELLO,22,Partido Liberal,SC,1575912
22,JOÃO ROMA,22,Partido Liberal,BA,738311
22,MAJOR VITOR HUGO,22,Partido Liberal,GO,516579
22,MANATO,22,Partido Liberal,ES,800598
22,MARCOS ROGERIO,22,Partido Liberal,RO,315035
22,NILVAN FERREIRA,22,Partido Liberal,PB,406604
22,ONYX LORENZONI,22,Partido Liberal,RS,2382026
22,RONALDO DIMAS,22,Partido Liberal,TO,186361
22,VALMIR DE FRANCISQUINHO,22,Partido Liberal,SE,457922
22,ZEQUINHA MARINHO,22,Partido Liberal,PA,1201079
23,AMAZONINO MENDES,23,Cidadania,AM,355377
27,ANTONIO JORGE,27,Democracia Cristã,SP,10778
27,DR CLÁUDIO MÉDICO GERIATRA,27,Democracia Cristã,SE,2655
27,DR LUCIANO DO OSWALDO CRUZ,27,Democracia Cristã,TO,1232
27,JONI CORREIA,27,Democracia Cristã,PR,50729
27,LUCAS SALLES,27,Democracia Cristã,DF,4218
27,PROFESSOR JOAS MORAES,27,Democracia Cristã,MA,2310
27,RODRIGO VIEIRA,27,Democracia Cristã,RN,1045
28,BENTO,28,Partido Renovador Trabalhista Brasileiro,RN,1178
28,CAPITÃO CONTAR,28,Partido Renovador Trabalhista Brasileiro,MS,384275
28,CLAUDIO PAIVA,28,Partido Renovador Trabalhista Brasileiro,ES,1418
28,DR. FELIPE,28,Partido Renovador Trabalhista Brasileiro,PA,31402
28,GESIEL DE OLIVEIRA,28,Partido Renovador Trabalhista Brasileiro,AP,8704
28,LUCIANO ALMEIDA,28,Partido Renovador Trabalhista Brasileiro,AL,2110
28,MAJOR FÁBIO,28,Partido Renovador Trabalhista Brasileiro,PB,2455
29,ADRIANO TEIXEIRA,29,Partido da Causa Operária,PR,2096
29,ADRIANO TRAJANO,29,Partido da Causa Operária,PB,280
29,CARMEN HANNUD,29,Partido da Causa Operária,TO,384
29,CESAR AUGUSTO,29,Partido da Causa Operária,RS,248
29,EDSON DORTA,29,Partido da Causa Operária,SP,5305
29,JAIRO PALHETA,29,Partido da Causa Operária,AP,634
29,LEANDRO BORGES,29,Partido da Causa Operária,SC,829
29,LOURDES  MELO,29,Partido da Causa Operária,PI,1924
29,LOURDES FRANCISCO,29,Partido da Causa Operária,MG,2012
29,LUIZ EUGÊNIO,29,Partido da Causa Operária,RJ,1844
29,MAGNO DE SOUZA,29,Partido da Causa Operária,MS,2892
29,MARCELO MILLET,29,Partido da Causa Operária,BA,826
29,RENAN ARRUDA,29,Partido da Causa Operária,DF,373
29,UBIRACY OLÍMPIO,29,Partido da Causa Operária,PE,368
29,VINÍCIUS PAIXÃO,29,Partido da Causa Operária,GO,258
30,ARIDELMO,30,Partido Novo,ES,15786
30,EDIGAR DINIZ,30,Partido Novo,GO,9565
30,ODAIR TRAMONTIN,30,Partido Novo,SC,114087
30,PAULO GANIME,30,Partido Novo,RJ,446580
30,RICARDO JOBIM,30,Partido Novo,RS,38887
30,VINICIUS POIT,30,Partido Novo,SP,388974
30,ZEMA,30,Partido Novo,MG,6094136
33,NAZARENO NERIS,33,Partido da Mobilização Nacional,RN,1325
33,RAVENNA CASTRO,33,Partido da Mobilização Nacional,PI,1167
33,SOLANGE FERREIRA BUENO,33,Partido da Mobilização Nacional,PR,10337
35,BOMBEIRO LUCIANO FONTES,35,Partido da Mulher Brasileira,AL,2737
35,CABO TRISTAO,35,Partido da Mulher Brasileira,MG,15774
35,CLORISA LINHARES,35,Partido da Mulher Brasileira,RN,39011
35,CORONEL RICARDO MACEDO,35,Partido da Mulher Brasileira,TO,5043
35,JADILSON BOMBEIRO,35,Partido da Mulher Brasileira,PE,2435
35,SOFIA COUTO,35,Partido da Mulher Brasileira,PA,5355
35,WILSON WITZEL,35,Partido da Mulher Brasileira,RJ,4892
36,DAVID HALL,36,AGIR,AC,771
36,NAIR BLAIR,36,AGIR,AM,1895
36,PAULO ROSEIRA,36,AGIR,PA,1309
40,CARLOS BRANDÃO,40,Partido Socialista Brasileiro,MA,1769187
40,DANILO CABRAL,40,Partido Socialista Brasileiro,PE,885994
40,JOÃO,40,Partido Socialista Brasileiro,PB,863174
40,MARCELO FREIXO,40,Partido Socialista Brasileiro,RJ,2300980
40,RENATO CASAGRANDE,40,Partido Socialista Brasileiro,ES,976652
40,VICENTE BOGO,40,Partido Socialista Brasileiro,RS,17222
43,LEANDRO GRASS,43,Partido Verde,DF,434587
43,MARCIA PINHEIRO,43,Partido Verde,MT,267172
43,RUDSON LEITE,43,Partido Verde,RR,1189
44,ACM NETO,44,UNIÃO BRASIL,BA,3316711
44,CAPITÃO WAGNER,44,UNIÃO BRASIL,CE,1649213
44,CORONEL MARCOS ROCHA,44,UNIÃO BRASIL,RO,330656
44,GEAN LOUREIRO,44,UNIÃO BRASIL,SC,555615
44,MARCIO BITTAR,44,UNIÃO BRASIL,AC,4773
44,MAURO MENDES,44,UNIÃO BRASIL,MT,1114549
44,MIGUEL COELHO,44,UNIÃO BRASIL,PE,884941
44,RODRIGO CUNHA,44,UNIÃO BRASIL,AL,407220
44,RONALDO CAIADO,44,UNIÃO BRASIL,GO,1806892
44,ROSE MODESTO,44,UNIÃO BRASIL,MS,178599
44,SILVIO MENDES,44,UNIÃO BRASIL,PI,811806
44,WILSON LIMA,44,UNIÃO BRASIL,AM,819784
45,DELEGADO ALESSANDRO,45,Partido da Social Democracia Brasileira,SE,82495
45,EDUARDO LEITE,45,Partido da Social Democracia Brasileira,RS,1702815
45,EDUARDO RIEDEL,45,Partido da Social Democracia Brasileira,MS,361981
45,IZALCI,45,Partido da Social Democracia Brasileira,DF,70584
45,MARCUS PESTANA,45,Partido da Social Democracia Brasileira,MG,60637
45,PEDRO CUNHA LIMA,45,Partido da Social Democracia Brasileira,PB,520155
45,RAQUEL LYRA,45,Partido da Social Democracia Brasileira,PE,1009556
45,RODRIGO GARCIA,45,Partido da Social Democracia Brasileira,SP,4296293
50,ADJANY SIMPLICIO,50,Partido Socialismo e Liberdade,PB,9567
50,ADOLFO OLIVEIRA,50,Partido Socialismo e Liberdade,PA,56830
50,ADONIS MARCOS,50,Partido Socialismo e Liberdade,MS,3251
50,CINTIA DIAS,50,Partido Socialismo e Liberdade,GO,19577
50,DANNIEL MORAIS,50,Partido Socialismo e Liberdade,RN,3691
50,DR ISRAEL TUYUKA,50,Partido Socialismo e Liberdade,AM,21229
50,ENILTON RODRIGUES,50,Partido Socialismo e Liberdade,MA,7135
50,FÁBIO ALMEIDA,50,Partido Socialismo e Liberdade,RR,3843
50,JOÃO ARNALDO,50,Partido Socialismo e Liberdade,PE,12558
50,KAROL CHAVES,50,Partido Socialismo e Liberdade,TO,2494
50,KEKA BAGNO,50,Partido Socialismo e Liberdade,DF,13613
50,KLEBER ROSA,50,Partido Socialismo e Liberdade,BA,48239
50,LORENE FIGUEIREDO,50,Partido Socialismo e Liberdade,MG,44898
50,MADALENA NUNES,50,Partido Socialismo e Liberdade,PI,4759
50,MOISÉS FRANZ,50,Partido Socialismo e Liberdade,MT,12948
50,NIULLY CAMPOS,50,Partido Socialismo e Liberdade,SE,37366
50,PIMENTA DE RONDONIA,50,Partido Socialismo e Liberdade,RO,3660
50,PROFESSOR CICERO ALBUQUERQUE,50,Partido Socialismo e Liberdade,AL,17749
50,PROFESSOR NILSON,50,Partido Socialismo e Liberdade,AC,1125
50,PROFESSORA ANGELA,50,Partido Socialismo e Liberdade,PR,43176
51,GUSTAVO HENRIQUE,51,Patriota,PI,1027
51,GUSTAVO MENDANHA,51,Patriota,GO,879031
55,CARLOS MASSA RATINHO JUNIOR,55,Partido Social Democrático,PR,4243292
55,EDIVALDO,55,Partido Social Democrático,MA,86573
55,FÁBIO,55,Partido Social Democrático,SE,294936
55,GUERINO ZANON,55,Partido Social Democrático,ES,146177
55,IRAJÁ,55,Partido Social Democrático,TO,63048
55,JAIME NUNES,55,Partido Social Democrático,AP,176208
55,KALIL,55,Partido Social Democrático,MG,3805182
55,MARQUINHOS TRAD,55,Partido Social Democrático,MS,124795
55,PAULO OCTÁVIO PO,55,Partido Social Democrático,DF,123715
55,PETECÃO,55,Partido Social Democrático,AC,27393
55,RUI PALMEIRA,55,Partido Social Democrático,AL,157746
77,CLÉCIO,77,Solidariedade,AP,222168
77,DANIEL PEREIRA,77,Solidariedade,RO,81421
77,FABIO DANTAS,77,Solidariedade,RN,406461
77,MAJOR MARCONY,77,Solidariedade,PA,9183
77,MARÍLIA ARRAES,77,Solidariedade,PE,1175651
77,RICARDO NICOLAU,77,Solidariedade,AM,217588
77,SIMPLICIO,77,Solidariedade,MA,5009
80,CAROL VIGLIAR,80,Unidade Popular,SP,88767
80,INDIRA XAVIER,80,Unidade Popular,MG,15604
80,JULIETE,80,Unidade Popular,RJ,27344
80,PROF AROLDO FELIX,80,Unidade Popular,SE,1044
80,PROFESSOR PANTALEÃO,80,Unidade Popular,GO,5400
80,SERLEY LEAL,80,Unidade Popular,CE,1881
90,RALF ZIMMER,90,Partido Republicano da Ordem Social,SC,3828
95,Branco,-1,#NULO#,AC,7761
95,Branco,-1,#NULO#,AL,88769
95,Branco,-1,#NULO#,AM,58257
95,Branco,-1,#NULO#,AP,6494
95,Branco,-1,#NULO#,BA,236750
95,Branco,-1,#NULO#,CE,175459
95,Branco,-1,#NULO#,DF,65969
95,Branco,-1,#NULO#,ES,101146
95,Branco,-1,#NULO#,GO,152864
95,Branco,-1,#NULO#,MA,120774
95,Branco,-1,#NULO#,MG,707694
95,Branco,-1,#NULO#,MS,53082
95,Branco,-1,#NULO#,MT,98676
95,Branco,-1,#NULO#,PA,99146
95,Branco,-1,#NULO#,PB,122399
95,Branco,-1,#NULO#,PE,283316
95,Branco,-1,#NULO#,PI,54163
95,Branco,-1,#NULO#,PR,329657
95,Branco,-1,#NULO#,RJ,591576
95,Branco,-1,#NULO#,RN,95721
95,Branco,-1,#NULO#,RO,30765
95,Branco,-1,#NULO#,RR,3029
95,Branco,-1,#NULO#,RS,341049
95,Branco,-1,#NULO#,SC,223025
95,Branco,-1,#NULO#,SE,62604
95,Branco,-1,#NULO#,SP,1645522
95,Branco,-1,#NULO#,TO,23065
96,Nulo,-1,#NULO#,AC,21077
96,Nulo,-1,#NULO#,AL,193891
96,Nulo,-1,#NULO#,AM,138218
96,Nulo,-1,#NULO#,AP,21795
96,Nulo,-1,#NULO#,BA,499841
96,Nulo,-1,#NULO#,CE,249099
96,Nulo,-1,#NULO#,DF,86099
96,Nulo,-1,#NULO#,ES,129835
96,Nulo,-1,#NULO#,GO,166471
96,Nulo,-1,#NULO#,MA,348048
96,Nulo,-1,#NULO#,MG,1089431
96,Nulo,-1,#NULO#,MS,61130
96,Nulo,-1,#NULO#,MT,162124
96,Nulo,-1,#NULO#,PA,258639
96,Nulo,-1,#NULO#,PB,252753
96,Nulo,-1,#NULO#,PE,543554
96,Nulo,-1,#NULO#,PI,93799
96,Nulo,-1,#NULO#,PR,393173
96,Nulo,-1,#NULO#,RJ,894384
96,Nulo,-1,#NULO#,RN,162027
96,Nulo,-1,#NULO#,RO,44643
96,Nulo,-1,#NULO#,RR,12357
96,Nulo,-1,#NULO#,RS,190415
96,Nulo,-1,#NULO#,SC,166742
96,Nulo,-1,#NULO#,SE,84140
96,Nulo,-1,#NULO#,SP,2149776
96,Nulo,-1,#NULO#,TO,38314
