NR_PARTIDO,NM_PARTIDO,SG_UF,TOTAL_VOTOS
-1,#NULO#,AC,21040
-1,#NULO#,AL,147230
-1,#NULO#,AM,117380
-1,#NULO#,AP,17859
-1,#NULO#,BA,896550
-1,#NULO#,CE,497870
-1,#NULO#,DF,171577
-1,#NULO#,ES,226692
-1,#NULO#,GO,357685
-1,#NULO#,MA,206330
-1,#NULO#,MG,1431942
-1,#NULO#,MS,141341
-1,#NULO#,MT,158008
-1,#NULO#,PA,248360
-1,#NULO#,PB,331164
-1,#NULO#,PE,740491
-1,#NULO#,PI,153717
-1,#NULO#,PR,682460
-1,#NULO#,RJ,1216426
-1,#NULO#,RN,216378
-1,#NULO#,RO,56293
-1,#NULO#,RR,11793
-1,#NULO#,RS,721498
-1,#NULO#,SC,492294
-1,#NULO#,SE,167286
-1,#NULO#,SP,3388241
-1,#NULO#,TO,58771
10,REPUBLICANOS,AC,59017
10,REPUBLICANOS,AL,146523
10,REPUBLICANOS,AM,294131
10,REPUBLICANOS,AP,39171
10,REPUBLICANOS,BA,533293
10,REPUBLICANOS,CE,179371
10,REPUBLICANOS,DF,301307
10,REPUBLICANOS,ES,200917
10,REPUBLICANOS,GO,273442
10,REPUBLICANOS,MA,189824
10,REPUBLICANOS,MG,371939
10,REPUBLICANOS,MS,75274
10,REPUBLICANOS,MT,155513
10,REPUBLICANOS,PA,168456
10,REPUBLICANOS,PB,478581
10,REPUBLICANOS,PE,416059
10,REPUBLICANOS,PI,102490
10,REPUBLICANOS,PR,296269
10,REPUBLICANOS,RJ,494330
10,REPUBLICANOS,RN,104424
10,REPUBLICANOS,RO,68284
10,REPUBLICANOS,RR,68229
10,REPUBLICANOS,RS,549530
10,REPUBLICANOS,SC,120494
10,REPUBLICANOS,SE,163758
10,REPUBLICANOS,SP,1584276
10,REPUBLICANOS,TO,184240
11,PROGRESSISTAS,AC,93602
11,PROGRESSISTAS,AL,546041
11,PROGRESSISTAS,AP,39086
11,PROGRESSISTAS,BA,783332
11,PROGRESSISTAS,CE,225463
11,PROGRESSISTAS,DF,117553
11,PROGRESSISTAS,ES,296301
11,PROGRESSISTAS,GO,288573
11,PROGRESSISTAS,MA,304434
11,PROGRESSISTAS,MG,655458
11,PROGRESSISTAS,MS,146606
11,PROGRESSISTAS,MT,4878
11,PROGRESSISTAS,PA,187285
11,PROGRESSISTAS,PB,328152
11,PROGRESSISTAS,PE,681164
11,PROGRESSISTAS,PI,400918
11,PROGRESSISTAS,PR,704664
11,PROGRESSISTAS,RJ,570387
11,PROGRESSISTAS,RN,153061
11,PROGRESSISTAS,RO,19280
11,PROGRESSISTAS,RR,25389
11,PROGRESSISTAS,RS,531612
11,PROGRESSISTAS,SC,209318
11,PROGRESSISTAS,SE,136000
11,PROGRESSISTAS,SP,1175200
11,PROGRESSISTAS,TO,89619
12,Partido Democrático Trabalhista,AC,21856
12,Partido Democrático Trabalhista,AL,16018
12,Partido Democrático Trabalhista,AM,12234
12,Partido Democrático Trabalhista,AP,64888
12,Partido Democrático Trabalhista,BA,397022
12,Partido Democrático Trabalhista,CE,975407
12,Partido Democrático Trabalhista,DF,9513
12,Partido Democrático Trabalhista,ES,125713
12,Partido Democrático Trabalhista,GO,181224
12,Partido Democrático Trabalhista,MA,183387
12,Partido Democrático Trabalhista,MG,428566
12,Partido Democrático Trabalhista,MS,12566
12,Partido Democrático Trabalhista,MT,11014
12,Partido Democrático Trabalhista,PA,150865
12,Partido Democrático Trabalhista,PB,15102
12,Partido Democrático Trabalhista,PE,140384
12,Partido Democrático Trabalhista,PI,27146
12,Partido Democrático Trabalhista,PR,90644
12,Partido Democrático Trabalhista,RJ,248417
12,Partido Democrático Trabalhista,RN,22404
12,Partido Democrático Trabalhista,RO,9803
12,Partido Democrático Trabalhista,RR,1322
12,Partido Democrático Trabalhista,RS,321317
12,Partido Democrático Trabalhista,SC,31296
12,Partido Democrático Trabalhista,SE,57467
12,Partido Democrático Trabalhista,SP,286585
12,Partido Democrático Trabalhista,TO,6749
13,Partido dos Trabalhadores,AC,20487
13,Partido dos Trabalhadores,AL,79102
13,Partido dos Trabalhadores,AM,114667
13,Partido dos Trabalhadores,AP,14891
13,Partido dos Trabalhadores,BA,1369997
13,Partido dos Trabalhadores,CE,562457
13,Partido dos Trabalhadores,DF,233114
13,Partido dos Trabalhadores,ES,208654
13,Partido dos Trabalhadores,GO,286944
13,Partido dos Trabalhadores,MA,224298
13,Partido dos Trabalhadores,MG,1587693
13,Partido dos Trabalhadores,MS,201961
13,Partido dos Trabalhadores,MT,148701
13,Partido dos Trabalhadores,PA,362849
13,Partido dos Trabalhadores,PB,189261
13,Partido dos Trabalhadores,PE,355602
13,Partido dos Trabalhadores,PI,663394
13,Partido dos Trabalhadores,PR,863890
13,Partido dos Trabalhadores,RJ,734512
13,Partido dos Trabalhadores,RN,293953
13,Partido dos Trabalhadores,RO,43586
13,Partido dos Trabalhadores,RR,2538
13,Partido dos Trabalhadores,RS,1040725
13,Partido dos Trabalhadores,SC,480911
13,Partido dos Trabalhadores,SE,151444
13,Partido dos Trabalhadores,SP,2941086
13,Partido dos Trabalhadores,TO,67109
14,Partido Trabalhista Brasileiro,AL,11011
14,Partido Trabalhista Brasileiro,AM,5186
14,Partido Trabalhista Brasileiro,AP,27438
14,Partido Trabalhista Brasileiro,BA,53194
14,Partido Trabalhista Brasileiro,CE,8308
14,Partido Trabalhista Brasileiro,DF,4548
14,Partido Trabalhista Brasileiro,ES,153591
14,Partido Trabalhista Brasileiro,GO,28453
14,Partido Trabalhista Brasileiro,MA,5326
14,Partido Trabalhista Brasileiro,MG,133242
14,Partido Trabalhista Brasileiro,MS,30038
14,Partido Trabalhista Brasileiro,MT,101434
14,Partido Trabalhista Brasileiro,PA,206332
14,Partido Trabalhista Brasileiro,PB,11102
14,Partido Trabalhista Brasileiro,PE,6511
14,Partido Trabalhista Brasileiro,PI,4467
14,Partido Trabalhista Brasileiro,PR,47657
14,Partido Trabalhista Brasileiro,RJ,177247
14,Partido Trabalhista Brasileiro,RN,3915
14,Partido Trabalhista Brasileiro,RO,14213
14,Partido Trabalhista Brasileiro,RR,1290
14,Partido Trabalhista Brasileiro,RS,89766
14,Partido Trabalhista Brasileiro,SC,62709
14,Partido Trabalhista Brasileiro,SE,3873
14,Partido Trabalhista Brasileiro,SP,218807
14,Partido Trabalhista Brasileiro,TO,27111
15,Movimento Democrático Brasileiro,AC,39012
15,Movimento Democrático Brasileiro,AL,260713
15,Movimento Democrático Brasileiro,AM,37668
15,Movimento Democrático Brasileiro,AP,45697
15,Movimento Democrático Brasileiro,BA,290016
15,Movimento Democrático Brasileiro,CE,259545
15,Movimento Democrático Brasileiro,DF,163153
15,Movimento Democrático Brasileiro,GO,277708
15,Movimento Democrático Brasileiro,MA,301794
15,Movimento Democrático Brasileiro,MG,403110
15,Movimento Democrático Brasileiro,MS,109283
15,Movimento Democrático Brasileiro,MT,272659
15,Movimento Democrático Brasileiro,PA,1519004
15,Movimento Democrático Brasileiro,PB,70561
15,Movimento Democrático Brasileiro,PE,259476
15,Movimento Democrático Brasileiro,PR,275227
15,Movimento Democrático Brasileiro,RJ,415261
15,Movimento Democrático Brasileiro,RN,176527
15,Movimento Democrático Brasileiro,RO,93748
15,Movimento Democrático Brasileiro,RR,49433
15,Movimento Democrático Brasileiro,RS,586325
15,Movimento Democrático Brasileiro,SC,415237
15,Movimento Democrático Brasileiro,SE,4292
15,Movimento Democrático Brasileiro,SP,1621718
15,Movimento Democrático Brasileiro,TO,47679
16,Partido Socialista dos Trabalhadores Unificado,AL,527
16,Partido Socialista dos Trabalhadores Unificado,CE,1096
16,Partido Socialista dos Trabalhadores Unificado,DF,441
16,Partido Socialista dos Trabalhadores Unificado,MA,2819
16,Partido Socialista dos Trabalhadores Unificado,MG,4551
16,Partido Socialista dos Trabalhadores Unificado,PA,1718
16,Partido Socialista dos Trabalhadores Unificado,PE,1873
16,Partido Socialista dos Trabalhadores Unificado,PI,561
16,Partido Socialista dos Trabalhadores Unificado,PR,772
16,Partido Socialista dos Trabalhadores Unificado,RJ,2206
16,Partido Socialista dos Trabalhadores Unificado,RN,823
16,Partido Socialista dos Trabalhadores Unificado,RS,1842
16,Partido Socialista dos Trabalhadores Unificado,SC,1072
16,Partido Socialista dos Trabalhadores Unificado,SP,8790
18,Rede Sustentabilidade,AC,3016
18,Rede Sustentabilidade,AL,272
18,Rede Sustentabilidade,AM,28254
18,Rede Sustentabilidade,AP,25667
18,Rede Sustentabilidade,BA,11119
18,Rede Sustentabilidade,CE,4553
18,Rede Sustentabilidade,DF,5791
18,Rede Sustentabilidade,ES,21739
18,Rede Sustentabilidade,GO,3326
18,Rede Sustentabilidade,MA,1593
18,Rede Sustentabilidade,MG,108066
18,Rede Sustentabilidade,MS,1365
18,Rede Sustentabilidade,MT,1161
18,Rede Sustentabilidade,PA,7354
18,Rede Sustentabilidade,PB,12088
18,Rede Sustentabilidade,PE,151812
18,Rede Sustentabilidade,PI,748
18,Rede Sustentabilidade,PR,26240
18,Rede Sustentabilidade,RJ,40411
18,Rede Sustentabilidade,RN,1227
18,Rede Sustentabilidade,RO,135
18,Rede Sustentabilidade,RR,13046
18,Rede Sustentabilidade,RS,7918
18,Rede Sustentabilidade,SC,1927
18,Rede Sustentabilidade,SE,750
18,Rede Sustentabilidade,SP,304580
18,Rede Sustentabilidade,TO,1333
19,Podemos,AC,21069
19,Podemos,AM,232
19,Podemos,AP,26801
19,Podemos,BA,176466
19,Podemos,CE,5701
19,Podemos,DF,9516
19,Podemos,ES,193999
19,Podemos,GO,20946
19,Podemos,MA,225318
19,Podemos,MG,339233
19,Podemos,MS,67860
19,Podemos,MT,10386
19,Podemos,PA,69219
19,Podemos,PB,1580
19,Podemos,PE,156411
19,Podemos,PI,12238
19,Podemos,PR,430172
19,Podemos,RJ,267667
19,Podemos,RN,14042
19,Podemos,RO,77507
19,Podemos,RR,16201
19,Podemos,RS,318850
19,Podemos,SC,185705
19,Podemos,SE,6062
19,Podemos,SP,893665
19,Podemos,TO,72312
20,Partido Social Cristão,AC,704
20,Partido Social Cristão,AM,11963
20,Partido Social Cristão,AP,16140
20,Partido Social Cristão,BA,151321
20,Partido Social Cristão,CE,11919
20,Partido Social Cristão,DF,7280
20,Partido Social Cristão,ES,123750
20,Partido Social Cristão,GO,186292
20,Partido Social Cristão,MA,235968
20,Partido Social Cristão,MG,259595
20,Partido Social Cristão,PA,66841
20,Partido Social Cristão,PB,314599
20,Partido Social Cristão,PE,6176
20,Partido Social Cristão,PI,2481
20,Partido Social Cristão,PR,33312
20,Partido Social Cristão,RJ,38858
20,Partido Social Cristão,RN,14573
20,Partido Social Cristão,RO,57845
20,Partido Social Cristão,RR,570
20,Partido Social Cristão,RS,29346
20,Partido Social Cristão,SC,39534
20,Partido Social Cristão,SP,294528
20,Partido Social Cristão,TO,50659
21,Partido Comunista Brasileiro,BA,6148
21,Partido Comunista Brasileiro,CE,5652
21,Partido Comunista Brasileiro,GO,2405
21,Partido Comunista Brasileiro,MA,1571
21,Partido Comunista Brasileiro,MG,31557
21,Partido Comunista Brasileiro,PE,3873
21,Partido Comunista Brasileiro,PI,1221
21,Partido Comunista Brasileiro,PR,6280
21,Partido Comunista Brasileiro,RJ,8196
21,Partido Comunista Brasileiro,RS,3661
21,Partido Comunista Brasileiro,SP,15510
22,Partido Liberal,AM,234488
22,Partido Liberal,AP,48841
22,Partido Liberal,BA,620532
22,Partido Liberal,CE,1059730
22,Partido Liberal,DF,292512
22,Partido Liberal,ES,220995
22,Partido Liberal,GO,575646
22,Partido Liberal,MA,626039
22,Partido Liberal,MG,2391776
22,Partido Liberal,MS,219235
22,Partido Liberal,MT,377457
22,Partido Liberal,PA,540140
22,Partido Liberal,PB,283272
22,Partido Liberal,PE,636231
22,Partido Liberal,PI,30902
22,Partido Liberal,PR,593160
22,Partido Liberal,RJ,1717302
22,Partido Liberal,RN,370465
22,Partido Liberal,RO,142693
22,Partido Liberal,RR,27213
22,Partido Liberal,RS,680856
22,Partido Liberal,SC,962572
22,Partido Liberal,SE,143961
22,Partido Liberal,SP,5366593
22,Partido Liberal,TO,90627
23,Cidadania,AC,491
23,Cidadania,AL,3266
23,Cidadania,AM,314223
23,Cidadania,AP,282
23,Cidadania,BA,58179
23,Cidadania,CE,23499
23,Cidadania,DF,4260
23,Cidadania,ES,1713
23,Cidadania,GO,3875
23,Cidadania,MA,63066
23,Cidadania,MG,78386
23,Cidadania,MS,536
23,Cidadania,MT,15177
23,Cidadania,PA,24972
23,Cidadania,PB,1419
23,Cidadania,PE,114121
23,Cidadania,PI,6076
23,Cidadania,PR,89330
23,Cidadania,RJ,87734
23,Cidadania,RN,4315
23,Cidadania,RR,757
23,Cidadania,RS,128451
23,Cidadania,SC,138224
23,Cidadania,SE,14096
23,Cidadania,SP,438574
23,Cidadania,TO,1981
27,Democracia Cristã,AL,226
27,Democracia Cristã,AM,2552
27,Democracia Cristã,BA,5958
27,Democracia Cristã,DF,3816
27,Democracia Cristã,ES,2070
27,Democracia Cristã,GO,5583
27,Democracia Cristã,MA,2315
27,Democracia Cristã,MG,5535
27,Democracia Cristã,MS,528
27,Democracia Cristã,MT,2711
27,Democracia Cristã,PB,754
27,Democracia Cristã,PE,3140
27,Democracia Cristã,PR,31381
27,Democracia Cristã,RJ,56287
27,Democracia Cristã,RN,2094
27,Democracia Cristã,RR,694
27,Democracia Cristã,RS,1202
27,Democracia Cristã,SC,1490
27,Democracia Cristã,SE,3562
27,Democracia Cristã,SP,6853
27,Democracia Cristã,TO,1094
28,Partido Renovador Trabalhista Brasileiro,AL,42
28,Partido Renovador Trabalhista Brasileiro,AP,804
28,Partido Renovador Trabalhista Brasileiro,BA,3752
28,Partido Renovador Trabalhista Brasileiro,DF,774
28,Partido Renovador Trabalhista Brasileiro,ES,2026
28,Partido Renovador Trabalhista Brasileiro,GO,65807
28,Partido Renovador Trabalhista Brasileiro,MA,2166
28,Partido Renovador Trabalhista Brasileiro,MG,20464
28,Partido Renovador Trabalhista Brasileiro,MS,22135
28,Partido Renovador Trabalhista Brasileiro,PA,6851
28,Partido Renovador Trabalhista Brasileiro,PB,17004
28,Partido Renovador Trabalhista Brasileiro,PE,51142
28,Partido Renovador Trabalhista Brasileiro,PR,2973
28,Partido Renovador Trabalhista Brasileiro,RJ,36431
28,Partido Renovador Trabalhista Brasileiro,RN,1285
28,Partido Renovador Trabalhista Brasileiro,RR,712
28,Partido Renovador Trabalhista Brasileiro,RS,2674
28,Partido Renovador Trabalhista Brasileiro,SC,2503
28,Partido Renovador Trabalhista Brasileiro,SP,56197
28,Partido Renovador Trabalhista Brasileiro,TO,766
29,Partido da Causa Operária,AC,5
29,Partido da Causa Operária,AL,89
29,Partido da Causa Operária,AM,43
29,Partido da Causa Operária,AP,45
29,Partido da Causa Operária,BA,406
29,Partido da Causa Operária,CE,815
29,Partido da Causa Operária,DF,546
29,Partido da Causa Operária,GO,330
29,Partido da Causa Operária,MA,213
29,Partido da Causa Operária,MG,734
29,Partido da Causa Operária,MS,144
29,Partido da Causa Operária,PB,326
29,Partido da Causa Operária,PE,389
29,Partido da Causa Operária,PI,92
29,Partido da Causa Operária,PR,379
29,Partido da Causa Operária,RJ,993
29,Partido da Causa Operária,RR,11
29,Partido da Causa Operária,RS,227
29,Partido da Causa Operária,SC,276
29,Partido da Causa Operária,SP,4295
30,Partido Novo,AM,1837
30,Partido Novo,BA,12426
30,Partido Novo,CE,4982
30,Partido Novo,DF,27951
30,Partido Novo,ES,8819
30,Partido Novo,GO,23591
30,Partido Novo,MA,6755
30,Partido Novo,MG,185505
30,Partido Novo,MS,7183
30,Partido Novo,MT,4613
30,Partido Novo,PE,12947
30,Partido Novo,PI,8441
30,Partido Novo,PR,68391
30,Partido Novo,RJ,81735
30,Partido Novo,RS,301966
30,Partido Novo,SC,243668
30,Partido Novo,SP,361774
33,Partido da Mobilização Nacional,AC,183
33,Partido da Mobilização Nacional,AL,1092
33,Partido da Mobilização Nacional,AM,4735
33,Partido da Mobilização Nacional,CE,11252
33,Partido da Mobilização Nacional,DF,7545
33,Partido da Mobilização Nacional,GO,7399
33,Partido da Mobilização Nacional,MG,85029
33,Partido da Mobilização Nacional,PE,10092
33,Partido da Mobilização Nacional,PI,3239
33,Partido da Mobilização Nacional,PR,5108
33,Partido da Mobilização Nacional,RJ,95910
33,Partido da Mobilização Nacional,RN,2314
33,Partido da Mobilização Nacional,RR,3192
33,Partido da Mobilização Nacional,SE,4319
33,Partido da Mobilização Nacional,SP,16656
35,Partido da Mulher Brasileira,AL,383
35,Partido da Mulher Brasileira,BA,11944
35,Partido da Mulher Brasileira,CE,2746
35,Partido da Mulher Brasileira,ES,1391
35,Partido da Mulher Brasileira,MA,1855
35,Partido da Mulher Brasileira,MG,3466
35,Partido da Mulher Brasileira,PA,1640
35,Partido da Mulher Brasileira,PB,1419
35,Partido da Mulher Brasileira,PE,408
35,Partido da Mulher Brasileira,PR,14558
35,Partido da Mulher Brasileira,RJ,23013
35,Partido da Mulher Brasileira,RN,2016
35,Partido da Mulher Brasileira,RO,381
35,Partido da Mulher Brasileira,RR,1579
35,Partido da Mulher Brasileira,SP,18698
35,Partido da Mulher Brasileira,TO,1300
36,AGIR,AC,338
36,AGIR,AL,659
36,AGIR,AM,2284
36,AGIR,AP,117
36,AGIR,BA,5063
36,AGIR,CE,3030
36,AGIR,DF,7813
36,AGIR,ES,462
36,AGIR,GO,12067
36,AGIR,MA,7821
36,AGIR,MG,6537
36,AGIR,MS,823
36,AGIR,MT,1508
36,AGIR,PA,2827
36,AGIR,PB,1015
36,AGIR,PE,4278
36,AGIR,PI,563
36,AGIR,PR,14141
36,AGIR,RJ,54001
36,AGIR,RO,1539
36,AGIR,RS,425
36,AGIR,SP,34616
40,Partido Socialista Brasileiro,AC,6321
40,Partido Socialista Brasileiro,AL,117921
40,Partido Socialista Brasileiro,AM,3368
40,Partido Socialista Brasileiro,AP,15632
40,Partido Socialista Brasileiro,BA,194726
40,Partido Socialista Brasileiro,CE,175436
40,Partido Socialista Brasileiro,DF,136796
40,Partido Socialista Brasileiro,ES,194539
40,Partido Socialista Brasileiro,GO,78959
40,Partido Socialista Brasileiro,MA,277012
40,Partido Socialista Brasileiro,MG,110646
40,Partido Socialista Brasileiro,MS,8599
40,Partido Socialista Brasileiro,MT,150534
40,Partido Socialista Brasileiro,PA,190408
40,Partido Socialista Brasileiro,PB,237099
40,Partido Socialista Brasileiro,PE,727527
40,Partido Socialista Brasileiro,PR,183490
40,Partido Socialista Brasileiro,RJ,217538
40,Partido Socialista Brasileiro,RN,100539
40,Partido Socialista Brasileiro,RO,35727
40,Partido Socialista Brasileiro,RR,187
40,Partido Socialista Brasileiro,RS,193200
40,Partido Socialista Brasileiro,SC,63485
40,Partido Socialista Brasileiro,SE,17263
40,Partido Socialista Brasileiro,SP,753016
40,Partido Socialista Brasileiro,TO,14726
43,Partido Verde,AC,2092
43,Partido Verde,AL,154978
43,Partido Verde,AM,2400
43,Partido Verde,AP,2978
43,Partido Verde,BA,125105
43,Partido Verde,CE,5668
43,Partido Verde,DF,56588
43,Partido Verde,ES,1118
43,Partido Verde,GO,1155
43,Partido Verde,MA,4806
43,Partido Verde,MG,160174
43,Partido Verde,MS,1869
43,Partido Verde,MT,7194
43,Partido Verde,PA,2529
43,Partido Verde,PB,1248
43,Partido Verde,PE,116478
43,Partido Verde,PI,84833
43,Partido Verde,PR,102663
43,Partido Verde,RJ,29750
43,Partido Verde,RN,17865
43,Partido Verde,RO,879
43,Partido Verde,RR,564
43,Partido Verde,RS,18129
43,Partido Verde,SC,3654
43,Partido Verde,SE,2880
43,Partido Verde,SP,52374
43,Partido Verde,TO,1187
44,UNIÃO BRASIL,AC,84939
44,UNIÃO BRASIL,AL,172135
44,UNIÃO BRASIL,AM,372802
44,UNIÃO BRASIL,BA,1075503
44,UNIÃO BRASIL,CE,719801
44,UNIÃO BRASIL,DF,84911
44,UNIÃO BRASIL,ES,123947
44,UNIÃO BRASIL,GO,373859
44,UNIÃO BRASIL,MA,374204
44,UNIÃO BRASIL,MG,670044
44,UNIÃO BRASIL,MS,63354
44,UNIÃO BRASIL,MT,249328
44,UNIÃO BRASIL,PA,311584
44,UNIÃO BRASIL,PB,209950
44,UNIÃO BRASIL,PE,465564
44,UNIÃO BRASIL,PI,77641
44,UNIÃO BRASIL,PR,642876
44,UNIÃO BRASIL,RJ,980479
44,UNIÃO BRASIL,RN,315590
44,UNIÃO BRASIL,RO,195169
44,UNIÃO BRASIL,RR,41831
44,UNIÃO BRASIL,RS,216350
44,UNIÃO BRASIL,SC,279432
44,UNIÃO BRASIL,SE,239275
44,UNIÃO BRASIL,SP,1831668
44,UNIÃO BRASIL,TO,104765
45,Partido da Social Democracia Brasileira,AC,33412
45,Partido da Social Democracia Brasileira,AL,43704
45,Partido da Social Democracia Brasileira,AM,9506
45,Partido da Social Democracia Brasileira,AP,17591
45,Partido da Social Democracia Brasileira,BA,215880
45,Partido da Social Democracia Brasileira,CE,33195
45,Partido da Social Democracia Brasileira,DF,5545
45,Partido da Social Democracia Brasileira,ES,95632
45,Partido da Social Democracia Brasileira,GO,178411
45,Partido da Social Democracia Brasileira,MA,3449
45,Partido da Social Democracia Brasileira,MG,314211
45,Partido da Social Democracia Brasileira,MS,316966
45,Partido da Social Democracia Brasileira,MT,31044
45,Partido da Social Democracia Brasileira,PA,175892
45,Partido da Social Democracia Brasileira,PB,10656
45,Partido da Social Democracia Brasileira,PE,28400
45,Partido da Social Democracia Brasileira,PI,1033
45,Partido da Social Democracia Brasileira,PR,162478
45,Partido da Social Democracia Brasileira,RJ,79306
45,Partido da Social Democracia Brasileira,RN,51588
45,Partido da Social Democracia Brasileira,RR,325
45,Partido da Social Democracia Brasileira,RS,352587
45,Partido da Social Democracia Brasileira,SC,138785
45,Partido da Social Democracia Brasileira,SE,7852
45,Partido da Social Democracia Brasileira,SP,1063286
45,Partido da Social Democracia Brasileira,TO,18394
50,Partido Socialismo e Liberdade,AC,972
50,Partido Socialismo e Liberdade,AL,5224
50,Partido Socialismo e Liberdade,AM,2464
50,Partido Socialismo e Liberdade,AP,10558
50,Partido Socialismo e Liberdade,BA,46756
50,Partido Socialismo e Liberdade,CE,124879
50,Partido Socialismo e Liberdade,DF,46298
50,Partido Socialismo e Liberdade,ES,13797
50,Partido Socialismo e Liberdade,GO,6366
50,Partido Socialismo e Liberdade,MA,5900
50,Partido Socialismo e Liberdade,MG,204940
50,Partido Socialismo e Liberdade,MS,5806
50,Partido Socialismo e Liberdade,MT,19633
50,Partido Socialismo e Liberdade,PA,149109
50,Partido Socialismo e Liberdade,PB,6237
50,Partido Socialismo e Liberdade,PE,120146
50,Partido Socialismo e Liberdade,PI,6518
50,Partido Socialismo e Liberdade,PR,16601
50,Partido Socialismo e Liberdade,RJ,697920
50,Partido Socialismo e Liberdade,RN,3785
50,Partido Socialismo e Liberdade,RO,815
50,Partido Socialismo e Liberdade,RR,695
50,Partido Socialismo e Liberdade,RS,295262
50,Partido Socialismo e Liberdade,SC,60893
50,Partido Socialismo e Liberdade,SE,26306
50,Partido Socialismo e Liberdade,SP,1985227
50,Partido Socialismo e Liberdade,TO,1762
51,Patriota,AC,1483
51,Patriota,AL,3040
51,Patriota,AM,13742
51,Patriota,AP,1449
51,Patriota,BA,14405
51,Patriota,CE,4551
51,Patriota,DF,3811
51,Patriota,ES,75289
51,Patriota,GO,149111
51,Patriota,MA,231636
51,Patriota,MG,543301
51,Patriota,MT,10644
51,Patriota,PA,1577
51,Patriota,PB,2543
51,Patriota,PE,16122
51,Patriota,PI,3837
51,Patriota,PR,9678
51,Patriota,RJ,96950
51,Patriota,RN,3588
51,Patriota,RO,6482
51,Patriota,RR,788
51,Patriota,RS,28528
51,Patriota,SC,72247
51,Patriota,SE,4262
51,Patriota,SP,243952
51,Patriota,TO,6368
55,Partido Social Democrático,AC,24158
55,Partido Social Democrático,AL,78589
55,Partido Social Democrático,AM,333746
55,Partido Social Democrático,AP,6109
55,Partido Social Democrático,BA,1142002
55,Partido Social Democrático,CE,622215
55,Partido Social Democrático,DF,71470
55,Partido Social Democrático,ES,2644
55,Partido Social Democrático,GO,180686
55,Partido Social Democrático,MA,230912
55,Partido Social Democrático,MG,768229
55,Partido Social Democrático,MS,82584
55,Partido Social Democrático,MT,134258
55,Partido Social Democrático,PA,353351
55,Partido Social Democrático,PE,6246
55,Partido Social Democrático,PI,426968
55,Partido Social Democrático,PR,1051984
55,Partido Social Democrático,RJ,696858
55,Partido Social Democrático,RN,26590
55,Partido Social Democrático,RO,72130
55,Partido Social Democrático,RR,29968
55,Partido Social Democrático,RS,295357
55,Partido Social Democrático,SC,391429
55,Partido Social Democrático,SE,199933
55,Partido Social Democrático,SP,1066284
55,Partido Social Democrático,TO,32746
65,Partido Comunista do Brasil,AC,15467
65,Partido Comunista do Brasil,AL,230
65,Partido Comunista do Brasil,AM,37858
65,Partido Comunista do Brasil,AP,18547
65,Partido Comunista do Brasil,BA,265901
65,Partido Comunista do Brasil,CE,51167
65,Partido Comunista do Brasil,DF,6525
65,Partido Comunista do Brasil,ES,8015
65,Partido Comunista do Brasil,GO,4668
65,Partido Comunista do Brasil,MA,178248
65,Partido Comunista do Brasil,MG,39658
65,Partido Comunista do Brasil,MS,1486
65,Partido Comunista do Brasil,MT,3971
65,Partido Comunista do Brasil,PA,15832
65,Partido Comunista do Brasil,PB,4264
65,Partido Comunista do Brasil,PE,63854
65,Partido Comunista do Brasil,PI,849
65,Partido Comunista do Brasil,PR,8268
65,Partido Comunista do Brasil,RJ,125298
65,Partido Comunista do Brasil,RN,4889
65,Partido Comunista do Brasil,RO,2184
65,Partido Comunista do Brasil,RR,15
65,Partido Comunista do Brasil,RS,109274
65,Partido Comunista do Brasil,SC,39868
65,Partido Comunista do Brasil,SE,985
65,Partido Comunista do Brasil,SP,145727
65,Partido Comunista do Brasil,TO,1727
70,AVANTE,AL,9217
70,AVANTE,AM,141622
70,AVANTE,AP,1510
70,AVANTE,BA,276488
70,AVANTE,CE,36800
70,AVANTE,DF,13400
70,AVANTE,ES,3267
70,AVANTE,GO,59406
70,AVANTE,MA,8166
70,AVANTE,MG,924208
70,AVANTE,MS,23629
70,AVANTE,PA,6276
70,AVANTE,PB,4901
70,AVANTE,PE,225100
70,AVANTE,RJ,136943
70,AVANTE,RN,8916
70,AVANTE,RO,22336
70,AVANTE,RS,39776
70,AVANTE,SC,12509
70,AVANTE,SP,247883
70,AVANTE,TO,6555
77,Solidariedade,AC,4347
77,Solidariedade,AL,1955
77,Solidariedade,AM,8554
77,Solidariedade,BA,108799
77,Solidariedade,DF,5694
77,Solidariedade,ES,3633
77,Solidariedade,GO,135025
77,Solidariedade,MA,2207
77,Solidariedade,MG,181577
77,Solidariedade,MS,9219
77,Solidariedade,MT,4530
77,Solidariedade,PA,11605
77,Solidariedade,PB,13084
77,Solidariedade,PE,205911
77,Solidariedade,PI,92683
77,Solidariedade,PR,134285
77,Solidariedade,RJ,218001
77,Solidariedade,RN,169556
77,Solidariedade,RO,2476
77,Solidariedade,RR,1313
77,Solidariedade,RS,12622
77,Solidariedade,SC,11211
77,Solidariedade,SE,2871
77,Solidariedade,SP,392022
80,Unidade Popular,AL,2369
80,Unidade Popular,BA,4043
80,Unidade Popular,CE,2327
80,Unidade Popular,DF,1559
80,Unidade Popular,GO,1427
80,Unidade Popular,MG,4523
80,Unidade Popular,PB,3507
80,Unidade Popular,PE,3376
80,Unidade Popular,PI,950
80,Unidade Popular,RS,2086
80,Unidade Popular,SC,3548
80,Unidade Popular,SE,2156
80,Unidade Popular,SP,24142
90,Partido Republicano da Ordem Social,AC,1427
90,Partido Republicano da Ordem Social,AL,235
90,Partido Republicano da Ordem Social,AM,2936
90,Partido Republicano da Ordem Social,BA,10132
90,Partido Republicano da Ordem Social,CE,4015
90,Partido Republicano da Ordem Social,DF,5877
90,Partido Republicano da Ordem Social,ES,916
90,Partido Republicano da Ordem Social,GO,36822
90,Partido Republicano da Ordem Social,MA,8780
90,Partido Republicano da Ordem Social,MG,189796
90,Partido Republicano da Ordem Social,MS,2264
90,Partido Republicano da Ordem Social,MT,12656
90,Partido Republicano da Ordem Social,PA,2396
90,Partido Republicano da Ordem Social,PB,988
90,Partido Republicano da Ordem Social,PE,985
90,Partido Republicano da Ordem Social,PR,226358
90,Partido Republicano da Ordem Social,RJ,247291
90,Partido Republicano da Ordem Social,RO,2258
90,Partido Republicano da Ordem Social,RR,4664
90,Partido Republicano da Ordem Social,RS,1979
90,Partido Republicano da Ordem Social,SC,5328
90,Partido Republicano da Ordem Social,SE,1951
90,Partido Republicano da Ordem Social,SP,305024
